,Frequency(GHz),Pressure(mbar),Temp(K),Time(s),Freqshift(%),Thickness(um)
0,2.225920335263096,0.844,29.290225642981945,5.164671,-0.010271199914419023,0.05633450344362391
1,2.2259202250023966,0.844,29.290752711447237,11.200367,-0.01026898554437201,0.05632202124004545
2,2.2259200615674297,0.844,29.29111761155609,16.755939,-0.01027136494653295,0.05633543372056277
3,2.2259198718246997,0.844,29.291401426478547,22.31545,-0.01027602871474676,0.05636172346046726
4,2.2259198038397865,0.844,29.29225289095608,27.872624,-0.010267503294422255,0.05631366601278334
5,2.2259196073767247,0.844,29.293185481007267,33.431466,-0.010263645435809488,0.056291920131915
6,2.225919482846814,0.844,29.29395590811116,39.484149,-0.01025876129124834,0.056264389943779455
7,2.225919388987541,0.844,29.294199205925025,45.041336,-0.010259668490662607,0.05626950345094339
8,2.2259191984989535,0.844,29.29460470756916,50.598545,-0.010262710176858817,0.056286648354411356
9,2.2259191216242558,0.844,29.29533462731716,56.152383,-0.010256235625847033,0.05625015394360535
10,2.2259190288329025,0.844,29.29565904304865,61.711363,-0.010255991314540167,0.056248776884570285
11,2.2259188914945742,0.844,29.295983463005197,67.335971,-0.01025774796148398,0.05625867825278536
12,2.2259188149636686,0.844,29.29679453167178,73.327768,-0.010250153542458467,0.05621587285017157
13,2.225918719887612,0.844,29.297159521253,78.881955,-0.010249459666490029,0.05621196195325469
14,2.2259185710408826,0.844,29.29784896081816,84.441047,-0.010246767667046698,0.056196789157764104
15,2.2259184976643684,0.844,29.29768673801377,89.993862,-0.010252270496017143,0.056227804735684006
16,2.2259183777416864,0.844,29.29788951670201,95.550207,-0.010254899114758147,0.05624262072959023
17,2.2259182649835694,0.844,29.29829507903374,101.10857,-0.010254447365946525,0.05624007446983006
18,2.2259181697502735,0.844,29.2988223200861,106.665201,-0.010251553029197119,0.05622376082854865
19,2.225918054962218,0.844,29.299187339712176,112.226681,-0.010251743772760889,0.05622483592800114
20,2.225918003341565,0.844,29.299268455911527,118.279704,-0.010252959116949041,0.056231686071189516
21,2.225917947019901,0.844,29.2998362768497,123.83377,-0.010247764475886729,0.05620240740147793
22,2.2259178007978266,0.844,29.30028243105287,129.474531,-0.010248263242333402,0.05620521857490572
23,2.22591775511986,0.844,29.300485231055973,135.449515,-0.010247556129758577,0.0562012331123709
24,2.2259176949580306,0.844,29.30085027538725,141.007368,-0.010245292321950806,0.05618847382803254
25,2.2259176543996686,0.845,29.30109364122732,146.563197,-0.010243803267357967,0.0561800812946467
26,2.225917609095017,0.844,29.30121532503593,152.122003,-0.010244182875869569,0.056182220818466765
27,2.2259175650087695,0.844,29.30117476370334,157.679597,-0.010246715098291722,0.05619649286900073
28,2.225917543598594,0.844,29.301377571068578,163.235895,-0.010244917649922487,0.05618636211448118
29,2.2259175920257626,0.843,29.300971958005725,168.788172,-0.010248260636856054,0.05620520388975932
30,2.225917621695535,0.844,29.300728593332277,174.349728,-0.01025023878043628,0.05621635327844094
31,2.225917733217614,0.844,29.300809714653028,179.903643,-0.010244125495767243,0.0561818974163394
32,2.225917782557429,0.844,29.30020131148682,185.459464,-0.010250186199813108,0.05621605691735143
33,2.225917943778281,0.844,29.29963348217257,191.127168,-0.010250668937411809,0.05621877778284552
34,2.225918190988947,0.844,29.299268455911527,197.075483,-0.010244529869223555,0.05618417652269481
35,2.225918326788053,0.844,29.2988223200861,202.629404,-0.010244498786009228,0.05618400133310196
36,2.225918603292932,0.844,29.29797062863716,208.188244,-0.010243663832940524,0.056179295424890564
37,2.2259188128513903,0.844,29.296997302967927,213.740701,-0.010247490249227388,0.05620086179405177
38,2.225919172874727,0.844,29.29574014756849,219.299908,-0.010248417703261117,0.056206089157134626
39,2.225919511520504,0.844,29.29440195590592,224.864195,-0.01025140666194535,0.0562229358507145
40,2.2259199607429743,0.844,29.293509868484872,230.911026,-0.010243360244580167,0.056177584365053976
41,2.225920402202225,0.844,29.29213125137392,236.469158,-0.010242278717498762,0.05617148877305477
42,2.2259208022013652,0.844,29.29018509976034,242.015212,-0.01025077607714741,0.05621938165804529
43,2.2259213501402066,0.844,29.288766127721,247.586071,-0.010245457372079738,0.05618940407919749
44,2.225921931577593,0.843,29.28657701693009,253.273761,-0.010249103774417812,0.056209956042383234
45,2.225922550468108,0.844,29.284752906518968,259.201097,-0.010246102704355995,0.05619304129166559
46,2.225923205011332,0.844,29.282888399848467,264.754956,-0.010242047225366108,0.05617018406536704
47,2.2259238745404875,0.844,29.28082139441276,270.31382,-0.010240068976071093,0.05615903456335889
48,2.2259245135021697,0.843,29.27867351369828,275.864924,-0.010240560456456486,0.05616180455803903
49,2.225925240681763,0.844,29.27571541848153,281.438066,-0.010248097001159069,0.05620428159691635
50,2.225926118564213,0.844,29.273081797092388,287.483075,-0.01024444969142513,0.05618372462882397
51,2.225926853805162,0.844,29.270610500838384,293.044709,-0.01024500030042375,0.05618682794602377
52,2.225927686450252,0.843,29.267774892642947,298.604323,-0.010246120893513714,0.056193143809313666
53,2.2259286358790393,0.843,29.26469660200745,304.660821,-0.010245286983566589,0.05618844373998636
54,2.225929500264938,0.843,29.261983164937384,310.216096,-0.010243312390402052,0.056177314653507476
55,2.2259304602207406,0.842,29.25878412327752,315.935912,-0.01024363453462784,0.05617913029602207
56,2.2259314953432936,0.843,29.255949876723548,321.831914,-0.010235620979476862,0.05613396588002973
57,2.225932555591487,0.843,29.252184882332724,327.390546,-0.010239109338991506,0.05615362604758674
58,2.2259335143432972,0.842,29.24858236250288,332.944281,-0.01024494310199247,0.056186505566427014
59,2.225934625270316,0.842,29.24522318426017,338.502979,-0.010240630863196421,0.05616220137262274
60,2.225935754713294,0.842,29.2418644645002,344.05756,-0.01023547383943095,0.05613313661625565
61,2.2259368584473624,0.843,29.23822299723184,349.612775,-0.010235300854593303,0.05613216169513793
62,2.2259379895023637,0.842,29.233934849081628,355.170241,-0.010242664424725378,0.056173662652566146
63,2.2259392441876704,0.842,29.229930555451684,360.721413,-0.010240613815321604,0.05616210529025466
64,2.2259404198659603,0.842,29.226129102126908,366.275548,-0.010239352131460494,0.05615499442365232
65,2.2259416260942704,0.842,29.221883492378662,371.835507,-0.010242730839207128,0.05617403697081478
66,2.2259429725838418,0.842,29.21743649685192,377.580776,-0.010242527718431583,0.056172892163485005
67,2.225944430431484,0.841,29.212869056900765,383.449583,-0.010238942618725844,0.05615268641475814
68,2.2259457074767273,0.842,29.208221648311188,389.009047,-0.010244550043705728,0.05618429022907535
69,2.225947068232396,0.842,29.203817524068995,394.569668,-0.01024308862812117,0.056176053504953624
70,2.225948427014604,0.842,29.198969859381045,400.119538,-0.010247711065730062,0.056202106368809825
71,2.225949834431925,0.842,29.19485009603725,405.677777,-0.010240278613144064,0.05616021608181175
72,2.2259512706642814,0.841,29.19032722980342,411.231118,-0.01023699869923178,0.05614173057575549
73,2.225952741602755,0.841,29.18536111253188,416.784543,-0.010238146780474517,0.05614820109413521
74,2.2259542472590588,0.841,29.180638176356887,422.347034,-0.010234429751631456,0.05612725228028697
75,2.2259556826311866,0.84,29.175109054660204,427.90153,-0.010244763116535688,0.05618549113995891
76,2.2259572557253846,0.841,29.16986359363926,433.456412,-0.010245054946657802,0.05618713594111572
77,2.2259589149103727,0.841,29.16441756975297,439.228233,-0.01024417500135073,0.056182176436592665
78,2.2259604407531577,0.841,29.15905340880202,445.076249,-0.010248160160498638,0.05620463757909179
79,2.225962076522312,0.84,29.153771057495284,450.63086,-0.010246084357327963,0.05619293788423955
80,2.2259636841935633,0.84,29.148691395103796,456.187568,-0.010242515026132505,0.05617282062856351
81,2.2259652534563688,0.84,29.14413671899048,461.738784,-0.010233563051163037,0.05612236769969812
82,2.225966985515128,0.84,29.138897871715884,467.300386,-0.010226526779371591,0.05608271326271439
83,2.225968574375682,0.84,29.13378100093014,472.856232,-0.010224259254046597,0.056069934445626635
84,2.2259702944661783,0.839,29.128302700507856,478.411718,-0.010220960525091183,0.05605134447283101
85,2.225972032512408,0.84,29.12210080789107,483.968257,-0.010226603182081554,0.05608314383885402
86,2.2259737649988796,0.84,29.116826406354487,489.525469,-0.010219957757059096,0.056045693442127544
87,2.2259755101500143,0.839,29.110909153755312,495.078582,-0.010221398616374482,0.05605381331571081
88,2.225977286920245,0.839,29.10471165882512,500.884053,-0.01022517736550285,0.056075108516413764
89,2.22597920675336,0.839,29.098596187175723,506.692134,-0.010221400765093787,0.056053825424731765
90,2.22598096083025,0.839,29.092683333716995,512.251812,-0.010222316271565059,0.056058984737019084
91,2.2259827335200026,0.839,29.08701316167125,517.802731,-0.010219104439588058,0.05604088465342447
92,2.2259845939499527,0.839,29.080821706999917,523.358021,-0.010218954485487012,0.05604003960372095
93,2.225986323682876,0.839,29.074390684252744,528.91862,-0.010227878631508681,0.05609033180446554
94,2.2259881743242174,0.839,29.06884528329747,534.4714,-0.010219422749951537,0.05604267845838983
95,2.225990073701726,0.839,29.062055886784076,540.0282,-0.010225503884311725,0.056076948638300546
96,2.225991919023376,0.839,29.056312483289357,545.588916,-0.01021991016318626,0.05604542523085455
97,2.225993735277807,0.838,29.049847746388856,551.14019,-0.010225306262723765,0.05607583492624707
98,2.225995645519808,0.838,29.04350513048449,556.699158,-0.010224812923056742,0.0560730546766984
99,2.2259976701009943,0.838,29.036642506049255,562.551607,-0.010226150753831015,0.056080594130654235
100,2.2259996361870296,0.838,29.030142847889337,568.313569,-0.010225209220226036,0.0560752880360191
101,2.2260016286532998,0.838,29.0237251275152,573.874737,-0.010221956253773286,0.05605695586338387
102,2.226003502966174,0.838,29.017710044105527,579.42923,-0.010218577112189433,0.05603791296132327
103,2.2260054133442115,0.838,29.010974907190327,584.984286,-0.01022322604207259,0.05606411174915741
104,2.226007381625793,0.838,29.00464236422279,590.537186,-0.010219841738245371,0.05604503962796531
105,2.226009301376021,0.837,28.99803101681294,596.096824,-0.010222355198942124,0.056059204111766826
106,2.226011335540694,0.837,28.991181143888557,601.647657,-0.010222903315967695,0.05606229302321561
107,2.226013304768025,0.837,28.98445331411844,607.2065,-0.01022470308181957,0.056072435659854876
108,2.2260152799201363,0.837,28.97804757975753,612.765766,-0.010221890399437071,0.05605658474290246
109,2.226017247721638,0.837,28.9713233666713,618.32461,-0.010223652484081101,0.05606651497178713
110,2.2260194436337577,0.837,28.96348079141673,624.198189,-0.010230127867836695,0.05610300779425324
111,2.2260214735546446,0.837,28.95700056443653,629.938105,-0.010225772059130007,0.05607845996051057
112,2.2260235265906876,0.837,28.95028214604478,635.495572,-0.010223542659620171,0.056065896053281696
113,2.2260254703214493,0.836,28.943685499599518,641.049967,-0.010224565568220946,0.05607166069427425
114,2.2260275244234844,0.836,28.93693078316469,646.604922,-0.01022272024326704,0.056061261316700466
115,2.22602965830072,0.836,28.929099253013963,652.32962,-0.010231671871680944,0.05611170940236547
116,2.2260317403290824,0.836,28.922428453656828,658.216939,-0.01022739036451956,0.05608758010490727
117,2.2260337878879075,0.836,28.91563969385961,663.777185,-0.01022620771000837,0.05608091511299905
118,2.226035849560086,0.836,28.90869315594809,669.334222,-0.010226472453276273,0.05608240710194681
119,2.2260378926629634,0.835,28.90154907064367,674.889162,-0.010230182102347605,0.05610331344478943
120,2.2260399619350193,0.835,28.89456665414334,680.4432,-0.01023052584957397,0.05610525071006108
121,2.2260421542467688,0.835,28.886788604083016,686.328128,-0.010235938746174416,0.056135756777489866
122,2.2260442303867123,0.834,28.87925224855631,692.070736,-0.010243306936164053,0.05617728391281113
123,2.2260465089314105,0.834,28.872674797121388,698.12316,-0.010228752385690458,0.056095255990823135
124,2.2260485319973964,0.835,28.86454513144703,703.687247,-0.010246355852238185,0.05619446808349432
125,2.2260508739878877,0.834,28.85741398448357,709.745384,-0.01023627769096397,0.056137667035614534
126,2.226053125984199,0.834,28.85000617915452,715.798779,-0.010233899739122358,0.05612426521473128
127,2.2260551016747154,0.834,28.842640437663896,721.35378,-0.010243339261432035,0.0561774661016555
128,2.2260572769634592,0.833,28.835714694169056,726.915807,-0.010237918422109653,0.05614691407669096
129,2.226059396278199,0.834,28.82879092262773,732.469825,-0.01023495671586702,0.05613022217455376
130,2.2260614415078277,0.833,28.821511151740157,738.02484,-0.010240034023097989,0.05615883756787789
131,2.2260635573132186,0.833,28.814710712706685,743.580782,-0.010235529190640445,0.056133448569004284
132,2.2260657907563264,0.832,28.80660039677852,749.509793,-0.010243142017599774,0.05617635441372683
133,2.226067998237719,0.833,28.79944648313332,755.195655,-0.010239160140689558,0.05615391236533266
134,2.2260700803597406,0.833,28.792493308667805,760.755662,-0.010238109081590261,0.05614798862481694
135,2.2260721657399736,0.832,28.785422978472837,766.308107,-0.010238439977787155,0.05614985354324113
136,2.226074313628861,0.833,28.77760034949957,771.869617,-0.010245930052902879,0.05619206819482063
137,2.2260764286090797,0.832,28.7712487997479,777.422223,-0.010235319641153715,0.05613226757382223
138,2.2260785266863516,0.832,28.762994269274444,782.986825,-0.010250715996695744,0.056219043024586295
139,2.2260808655001134,0.832,28.7550598678923,789.0386,-0.010251008536233468,0.05622069187597857
140,2.226082897793408,0.832,28.74811939480273,794.59403,-0.010251841670537222,0.056225387715562944
141,2.2260851219436417,0.832,28.740863766618546,800.15363,-0.010248209110318663,0.056204913472866144
142,2.226087248293238,0.832,28.733570678298992,805.708072,-0.010249434669428252,0.05621182106244618
143,2.226089455905909,0.832,28.725883601704297,811.664502,-0.010252201389278452,0.05622741522399582
144,2.226091721412501,0.832,28.718317778352315,817.323934,-0.010250725277812517,0.05621909533604814
145,2.2260937460972707,0.831,28.710991876078417,822.888088,-0.01025685332732656,0.05625363562176018
146,2.2260961842391285,0.831,28.703351538274283,828.945064,-0.010248542148221771,0.05620679056203124
147,2.226098219008536,0.831,28.69563447271473,834.505146,-0.010259330042450332,0.05626759575575448
148,2.226100546125804,0.831,28.687682531981316,840.56526,-0.010260059181001075,0.05627170561803249
149,2.226102908393467,0.831,28.68036588897364,846.622535,-0.010250766810870065,0.05621932943020939
150,2.226105035878577,0.831,28.67261661431865,852.175477,-0.010257709696099897,0.05625846256836528
151,2.2261071015867255,0.83,28.66534404250429,857.735426,-0.010261089080824373,0.056277510778239205
152,2.2261093697667964,0.83,28.657560070090952,863.285095,-0.010262101106026815,0.05628321521665759
153,2.2261114529672885,0.829,28.650213033945192,868.848557,-0.010265612894011445,0.05630301019569025
154,2.226113821657879,0.83,28.64227600331061,874.850074,-0.01026406109154374,0.05629426306845271
155,2.2261159545936953,0.83,28.63493360877706,880.464917,-0.010265210301599248,0.056300740874809053
156,2.226118177295435,0.829,28.627553986465852,886.014722,-0.010262786532960302,0.05628707875014786
157,2.226120181264303,0.83,28.62021606206138,891.573187,-0.01026960470916095,0.05632551140122798
158,2.2261224012172045,0.829,28.6127620659204,897.129843,-0.010268220221004924,0.05631770721543014
159,2.2261244879212887,0.829,28.605468053190236,902.682747,-0.010270678173779559,0.05633156242570316
160,2.226126625719793,0.829,28.597663927939024,908.235396,-0.010277532625610977,0.0563702011694156
161,2.2261288485397,0.829,28.590689647493846,913.79934,-0.010269598020886997,0.05632547370013078
162,2.2261309418003523,0.829,28.583362913037867,919.352313,-0.010272095975271263,0.05633955449905965
163,2.2261330665663093,0.827,28.575723419232464,924.911596,-0.01027726473836139,0.05636869105495276
164,2.2261351913516862,0.828,28.56812570333976,930.466858,-0.010281847762130867,0.05639452643668406
165,2.2261375482518604,0.828,28.56021559903133,936.456846,-0.010280080759086306,0.05638456542840681
166,2.226139696211168,0.828,28.552819440660045,942.08358,-0.010280901219287987,0.056389190542355846
167,2.226141902709738,0.828,28.545189612251725,947.639454,-0.010282131982549384,0.05639612866215142
168,2.2261439900455984,0.827,28.53799461552008,953.189992,-0.010282964760950931,0.05640082326751043
169,2.2261461477032083,0.827,28.53044807458597,958.751913,-0.010285227165302415,0.05641357717947094
170,2.226148291557314,0.827,28.523218189801355,964.308646,-0.010283916123093423,0.05640618638793893
171,2.2261504649933537,0.827,28.515833373808675,969.865021,-0.010283279477432431,0.05640259741793931
172,2.2261525726523788,0.827,28.508804189656956,975.416271,-0.010280896408581841,0.056389163423292685
173,2.2261546434742665,0.827,28.50095277879391,980.974034,-0.01029092775071926,0.05644571391644131
174,2.2261568457682333,0.827,28.493339355831548,986.528247,-0.01029189524407881,0.05645116820313116
175,2.226159035095393,0.826,28.486199054762206,992.089054,-0.010287206446469103,0.05642473515860068
176,2.2261612774986066,0.826,28.478198157707197,998.112683,-0.010291384354647288,0.05644828803784729
177,2.226163342358352,0.825,28.47078793554669,1003.70557,-0.010295758446628361,0.05647294745655684
178,2.2261655923957537,0.825,28.463379995459423,1009.258977,-0.010291752410084067,0.05645036296840225
179,2.226167691515852,0.826,28.45609186888544,1014.81834,-0.010292923145256106,0.05645696307210815
180,2.226169867226655,0.825,28.448923448078837,1020.374564,-0.010289054963764591,0.056435156076186134
181,2.2261718428696065,0.825,28.44113070547789,1025.926675,-0.010302312232857592,0.05650989620468921
182,2.226173984573846,0.824,28.43392760317072,1031.482924,-0.010300361032363179,0.056498895648765306
183,2.2261762086692376,0.824,28.42657014128941,1037.008067,-0.010296696793640871,0.056478237563993096
184,2.226178349464404,0.824,28.41874552709292,1042.59466,-0.010302848633620595,0.05651292036615917
185,2.2261804182557787,0.824,28.411510027963104,1048.15172,-0.010304499320855412,0.05652222679133826
186,2.226182585202625,0.824,28.403377583096862,1053.709147,-0.010313427438574663,0.056572564116940866
187,2.2261848625759098,0.824,28.39524789238708,1059.767832,-0.010317320213573672,0.056594512586171146
188,2.2261870838313604,0.824,28.388253872148663,1065.326654,-0.010308868984495742,0.05654686295100002
189,2.226189277264771,0.824,28.38020741030333,1070.87943,-0.010315372368046366,0.056583530074413205
190,2.2261914139659305,0.824,28.37278830823565,1076.438613,-0.010316201354069231,0.05658820412156739
191,2.226193485907517,0.824,28.36560568041141,1081.990313,-0.010316822348533965,0.05659170546953282
192,2.2261956487033503,0.824,28.35811305764785,1087.551218,-0.010317373015046554,0.05659481029759244
193,2.2261977841889387,0.823,28.3505447644996,1093.105306,-0.010320102910325556,0.056610202424577996
194,2.2261999989018655,0.824,28.3431348343563,1098.662054,-0.010317177063867934,0.056593705463225966
195,2.22620207058798,0.823,28.335259420942403,1104.214712,-0.010326704341193305,0.056647424572540114
196,2.226204245080235,0.823,28.32777627856734,1109.773643,-0.010326470459157364,0.056646105807214645
197,2.2262064553203835,0.822,28.320334430041505,1115.326295,-0.01032406015326986,0.05663251517114264
198,2.226208776289767,0.823,28.31129822634303,1121.416008,-0.010337383953307359,0.05670764428100824
199,2.226211095401934,0.822,28.30362791997279,1127.449766,-0.010332981294278742,0.05668281835711457
200,2.226213234710912,0.823,28.29588223752477,1133.009685,-0.010337599153649329,0.05670885777776586
201,2.2262154335807556,0.822,28.288761535866247,1138.561248,-0.010331384685597888,0.05667381546648821
202,2.2262175656000487,0.821,28.28094287907424,1144.116514,-0.010337209186593472,0.05670665878711764
203,2.226219703638244,0.822,28.27269910440478,1149.712941,-0.010348247144767736,0.05676890263279377
204,2.226222018100594,0.822,28.264846830440547,1155.741777,-0.010346238724299552,0.05675757673426943
205,2.2262244056919913,0.822,28.25653089747805,1161.801756,-0.01034692524473617,0.056761448151527075
206,2.226226749269145,0.821,28.24825669642764,1167.857458,-0.010349006109592026,0.05677318262372696
207,2.2262289369244916,0.821,28.2405289278684,1173.410829,-0.010350964364880692,0.05678422579034509
208,2.2262310479210807,0.821,28.233191803336123,1178.970861,-0.010351266787042701,0.05678593124635895
209,2.2262334724031523,0.821,28.224304867460805,1185.107691,-0.010357537548643313,0.05682129470524371
210,2.2262357545906037,0.82,28.216972725616717,1191.088526,-0.010350015560046923,0.05677887519185333
211,2.2262379576568883,0.821,28.209061194429477,1196.648876,-0.010353516718697333,0.056798619421407674
212,2.2262400636958377,0.82,28.20095847231042,1202.212276,-0.010363812918463566,0.0568566853241192
213,2.226242364476865,0.82,28.193090997798222,1208.263705,-0.010362279797535727,0.05684803901651487
214,2.2262445006461933,0.819,28.185768439810403,1213.822984,-0.010361055758349514,0.056841135880506766
215,2.2262465932145408,0.82,28.17802214894336,1219.376308,-0.010367236377727677,0.05687599278297289
216,2.2262487382293163,0.819,28.17035579940315,1224.934261,-0.010369992504650375,0.05689153690698639
217,2.2262509683636,0.82,28.16284671640987,1230.485496,-0.010366858771916511,0.056873863162980924
218,2.2262529903140083,0.818,28.15530131052961,1236.044459,-0.010373510914701324,0.0569113805171288
219,2.2262551575688176,0.817,28.14787432183256,1241.596655,-0.010372074137056823,0.056903277137558134
220,2.2262575019031843,0.818,28.13851651928794,1247.773302,-0.010387569393989328,0.05699067313053865
221,2.226259820697723,0.818,28.131326657198944,1253.72287,-0.010376193092242287,0.05692650807644766
222,2.226261959673778,0.819,28.123791229301087,1259.280673,-0.0103773188588108,0.05693285749645948
223,2.226264081759378,0.818,28.116026438249538,1264.831566,-0.010382126293562163,0.056959972265549406
224,2.2262661239660915,0.818,28.108071121288518,1270.397062,-0.010392940758660556,0.05702097024738738
225,2.226268440875206,0.818,28.10065885136645,1276.451533,-0.010384384038680382,0.056972706578666266
226,2.226270528398357,0.818,28.09270867136865,1282.003575,-0.010393024256361006,0.0570214412219295
227,2.2262726369207986,0.818,28.085301187263347,1287.564782,-0.010393697555276925,0.05702523901852112
228,2.2262748687844085,0.817,28.078050261551883,1293.120516,-0.010386783812631197,0.05698624214050136
229,2.2262769258953363,0.818,28.07033893829588,1298.673547,-0.010393610283453807,0.057024746754034565
230,2.226279013723271,0.817,28.06251450341189,1304.230277,-0.01040047634308388,0.057063476067602724
231,2.2262814144317313,0.817,28.0531902180306,1310.416856,-0.010412533303182332,0.057131489038669325
232,2.226283735087746,0.817,28.04602610575136,1316.350762,-0.010400377607088045,0.05706291911851346
233,2.226285740916774,0.817,28.03824817338384,1321.909147,-0.010410216015451373,0.057118416948007726
234,2.2262878698758874,0.817,28.030896135049343,1327.462544,-0.010409019532963557,0.057111667513194
235,2.2262899726010588,0.817,28.023469424656614,1333.025149,-0.010409927684858699,0.057116790452655615
236,2.226292107058733,0.817,28.01535272667364,1338.575257,-0.010418231555191256,0.057163634223729144
237,2.2262942193759194,0.817,28.00816157554086,1344.131908,-0.01041561872948641,0.05714889453693844
238,2.226296260006018,0.816,28.001011042085292,1349.688019,-0.010415674020083154,0.057149206444684575
239,2.226298417107931,0.816,27.993055724815584,1355.245931,-0.010420783911178781,0.057178032980102295
240,2.226300498346269,0.816,27.98556402656925,1360.799849,-0.010423322814586357,0.05719235603812819
241,2.226302654243921,0.816,27.97795949379956,1366.357981,-0.010423920532828796,0.057195728054537105
242,2.226305054617691,0.816,27.969320940701284,1372.568655,-0.0104267437710206,0.057211655444397144
243,2.226307246555556,0.815,27.96206698982851,1378.476793,-0.010421162130530652,0.057180166667745065
244,2.2263093314813855,0.815,27.95446999511421,1384.034598,-0.010424744806581896,0.05720037819712298
245,2.226311567724932,0.815,27.946798736825063,1389.598196,-0.010422447003846346,0.0571874151872555
246,2.2263137762112994,0.815,27.93878492740678,1395.641717,-0.010425740764407696,0.05720599692286065
247,2.2263158675519477,0.814,27.931502000183706,1401.205309,-0.010424916064054383,0.05720134434915154
248,2.2263179889549,0.815,27.92448951011012,1406.766045,-0.010419254251454782,0.05716940359718506
249,2.226320153291505,0.814,27.916444951006664,1412.323878,-0.010424817506935639,0.0572007883373344
250,2.2263222382764294,0.814,27.908824297997032,1417.878119,-0.010428493822372036,0.05722152853505889
251,2.2263243241053536,0.814,27.9016271427176,1423.432674,-0.01042669239058333,0.05721136557787243
252,2.22632645236029,0.814,27.89347556590477,1428.991524,-0.010435132427039008,0.05725898172005973
253,2.226331919005606,0.813,27.87416028705344,1443.550783,-0.010435943803096556,0.05726355937103934
254,2.226334054001424,0.813,27.866591476092797,1449.188888,-0.01043652219595491,0.05726682258089415
255,2.2263360738096956,0.812,27.858948674712156,1454.743602,-0.010443182453720634,0.057304399521396224
256,2.226338123100244,0.813,27.851843089404053,1460.304486,-0.010441643044002316,0.05729571410841664
257,2.2263402548115927,0.812,27.844052325841545,1465.858047,-0.010445094140534338,0.057315185435313255
258,2.2263423167856224,0.812,27.835996937461797,1471.42032,-0.010455008589895924,0.057371125422164285
259,2.2263445771122514,0.812,27.82878378208335,1477.476642,-0.010445262778733424,0.05731613691286315
260,2.2263466087940027,0.812,27.82100062900087,1483.0322,-0.01045300311443437,0.057359809754631355
261,2.226348735121925,0.811,27.81344884831078,1488.586326,-0.010453515758579775,0.05736270227960505
262,2.226350807737803,0.811,27.806090096744416,1494.140981,-0.010453954111621075,0.05736517563332047
263,2.226352922997589,0.811,27.798695531858524,1499.702069,-0.010452900082820198,0.05735922841368465
264,2.2263552125074377,0.811,27.789741305135163,1505.944371,-0.010463791908981557,0.057420685713763665
265,2.2263573664486955,0.811,27.78235186915015,1511.821217,-0.010460863899380338,0.05740416402637972
266,2.2263594265695774,0.81,27.77500282300573,1517.377142,-0.010461604696076005,0.05740834404708927
267,2.2263614055850502,0.81,27.767161293424067,1522.939045,-0.010472202728423176,0.05746814631219913
268,2.2263635883073754,0.81,27.75955065637977,1528.997277,-0.010470687983732876,0.05745959875053106
269,2.226365590442085,0.811,27.752474972071024,1534.552638,-0.010470468912952132,0.05745836256039816
270,2.2263676927932834,0.81,27.744831059584115,1540.105763,-0.010472919197922592,0.05747218930593227
271,2.2263697678958607,0.809,27.73783582417257,1545.659027,-0.010468342370602218,0.05744636281132971
272,2.2263717887882652,0.81,27.73027266650642,1551.216588,-0.010473362329083781,0.05747468987572876
273,2.226373697084198,0.81,27.72267395340585,1556.771078,-0.010483855323946675,0.05753390309655562
274,2.2263757916699616,0.809,27.715039720898297,1562.325329,-0.010486397023879638,0.0575482467056446
275,2.226378081109014,0.809,27.706534840400128,1568.607471,-0.010491165160555952,0.05757515531392795
276,2.2263802128127868,0.809,27.699513041008203,1574.452996,-0.010484223629586332,0.05753598154875709
277,2.2263821655588654,0.809,27.69218983282864,1580.010465,-0.010489099779256586,0.057563499412157305
278,2.2263842519315094,0.809,27.68471720276932,1585.564303,-0.010489830806465233,0.05756762492221925
279,2.226386271900355,0.809,27.67762609373159,1591.124154,-0.010488692238918688,0.05756119948857966
280,2.2263882045882952,0.809,27.6702339027355,1596.676015,-0.010495245394343758,0.0575981823334594
281,2.226390139740892,0.809,27.6634124080266,1602.230402,-0.010494452147714979,0.05759370556447954
282,2.226392188393773,0.808,27.655683777571024,1607.785372,-0.01049998017007364,0.057624903917327476
283,2.226394129937429,0.809,27.648715039553107,1613.348585,-0.010500698471409362,0.05762895784230223
284,2.2263962613253416,0.809,27.64121838395969,1618.902081,-0.010499518632626449,0.05762229911588029
285,2.226398179730594,0.808,27.633913344180744,1624.455363,-0.010505455548063742,0.057655806059798344
286,2.2264004775097175,0.807,27.62547563994531,1630.756315,-0.01050859461319667,0.057673522835365434
287,2.2264026391695615,0.808,27.617721685338957,1636.580233,-0.01050919300620036,0.05767690017818942
288,2.2264045800969163,0.808,27.61065080323305,1642.132756,-0.01051106870633317,0.05768748673869524
289,2.2264066159596614,0.807,27.60263719697682,1647.697856,-0.010520516864876756,0.05774081428772498
290,2.226408806772702,0.807,27.594815236127765,1653.750211,-0.010520556947574132,0.057741040529221035
291,2.226410767579002,0.807,27.58794011487842,1659.305319,-0.010518981985085,0.05773215089728382
292,2.2264128156752014,0.807,27.57993427744025,1664.861978,-0.01052767550842517,0.057781221065523816
293,2.2264148099481784,0.807,27.57291254299602,1670.422838,-0.01052637984227083,0.0577739075983932
294,2.2264168464224046,0.807,27.564534521118123,1675.981078,-0.010540200283102073,0.05785192050288799
295,2.226419024384474,0.806,27.55721564315112,1682.040048,-0.010534323148112423,0.05781874486216474
296,2.2264210776487836,0.806,27.55046468919353,1687.592832,-0.010526884236210583,0.057776754674999646
297,2.22642335767272,0.805,27.541416189073917,1693.999684,-0.010538070320902895,0.057839897032369525
298,2.2264254341995766,0.806,27.533727717458028,1699.715343,-0.0105412855589037,0.05785804685212686
299,2.226427433295524,0.805,27.526230125614795,1705.274194,-0.010545549530962527,0.05788211718577955
300,2.226429424866312,0.806,27.51892323136281,1710.828518,-0.010547727572809737,0.05789441254895037
301,2.2264313967970613,0.805,27.51101628247781,1716.383767,-0.01055827613358749,0.057953962708964316
302,2.2264334472080836,0.805,27.50424102833295,1721.940277,-0.010551085742100123,0.05791337018016073
303,2.2264355070991364,0.805,27.49686576513411,1727.496964,-0.010550956929225768,0.0579126429959239
304,2.2264374811729115,0.805,27.48889106275457,1733.047982,-0.0105621545204863,0.05797585833585913
305,2.226439521798585,0.804,27.481783837767345,1738.601616,-0.010559469727390932,0.05796070115465296
306,2.2264415269007536,0.805,27.474227735758152,1744.163373,-0.010563966126514926,0.057986086001677255
307,2.22644348002198,0.805,27.46648621054191,1749.718274,-0.010573082158151437,0.0580375532696892
308,2.2264458877123676,0.805,27.4576204369034,1756.080902,-0.010575802135131788,0.05805291018823392
309,2.2264479807628677,0.803,27.45041009104021,1761.835119,-0.01057192051319303,0.05803099471994245
310,2.2264500031950085,0.803,27.442976757859107,1767.392195,-0.010573965226319091,0.05804253902519517
311,2.226452075915829,0.803,27.43547074747052,1772.95173,-0.010574626459157568,0.05804627232554097
312,2.2264540192273103,0.803,27.428079691247547,1778.511417,-0.010579631256826923,0.05807452968219067
313,2.226456028044105,0.803,27.420990983687844,1784.067033,-0.010577889116302022,0.05806469337848869
314,2.2264580720465945,0.803,27.413229636903964,1789.619998,-0.010582927952914305,0.05809314341311274
315,2.2264600851278598,0.803,27.40599554291272,1795.179343,-0.010582745232557268,0.0580921117330889
316,2.226462167209415,0.802,27.397602314839684,1800.74076,-0.010593881860976593,0.05815499344617384
317,2.2264643921505427,0.802,27.38977386314847,1806.791651,-0.010591524010304719,0.05814167980067311
318,2.2264663908963715,0.802,27.38265937481433,1812.35106,-0.010590395306506066,0.05813530661333445
319,2.2264687220418167,0.802,27.373376369167023,1818.728949,-0.010601309757156946,0.05819693627590577
320,2.226470804484407,0.802,27.365743126319195,1824.473752,-0.01060281014891292,0.05820540868269239
321,2.226472920978173,0.802,27.35874818889167,1830.024966,-0.010594805331926561,0.058160207886351
322,2.226474907758381,0.802,27.3511571372735,1835.581383,-0.010600011360704811,0.058189604549602265
323,2.2264768075107524,0.802,27.344203966691644,1841.140013,-0.010601160885070671,0.05819609562919996
324,2.2264788951673444,0.802,27.33658030163623,1846.693273,-0.010602176981303852,0.05820183330592973
325,2.226480872433141,0.802,27.32892178659528,1852.25015,-0.010608549418251052,0.05823781778708378
326,2.226482851996022,0.801,27.321415158588923,1857.810374,-0.010612897739993337,0.05826237299693236
327,2.2264849529427515,0.802,27.31376164528264,1863.361399,-0.010613585315517569,0.058266255824962344
328,2.2264869621561565,0.802,27.306334551551053,1868.918709,-0.010615547984405078,0.05827733934782209
329,2.2264889943012705,0.801,27.298462189613005,1874.472579,-0.010621972610432589,0.058313621099245656
330,2.226491318074385,0.801,27.290145014364235,1880.890358,-0.010620780488808821,0.058306888745151594
331,2.226493360153193,0.8,27.2825763677116,1886.597637,-0.010622918868605481,0.058318965001148804
332,2.226495359191423,0.8,27.275010191879684,1892.151222,-0.010626925839804895,0.05834159428073823
333,2.226497409118527,0.8,27.267893532839818,1897.71155,-0.010623045040861388,0.05831967754882863
334,2.226499296531516,0.8,27.259773524780936,1903.265383,-0.010638858178882726,0.05840898472984265
335,2.226501353165201,0.8,27.25269877471743,1908.818729,-0.01063409363161589,0.0583820754166021
336,2.2265033406849604,0.799,27.24517956834729,1914.380081,-0.010637903703704338,0.05840359397009058
337,2.2265053216453814,0.8,27.23732795504501,1919.93286,-0.01064608714712428,0.05844981394466856
338,2.2265073843181056,0.799,27.230148479493646,1925.489823,-0.010642253123150511,0.0584281591822171
339,2.226509346169927,0.8,27.22311995971349,1931.04289,-0.010641050426375547,0.05842136637987828
340,2.2265113920040487,0.799,27.215647527208606,1936.602789,-0.010641532948892307,0.058424091650223484
341,2.2265136815985564,0.798,27.20669122538604,1943.045039,-0.010649365677194114,0.058468331596632735
342,2.2265157817810817,0.798,27.19881552017334,1948.717684,-0.010652314911807672,0.05848498960980772
343,2.226517801774472,0.798,27.191796516615785,1954.279512,-0.010648254325946214,0.05846205447463005
344,2.2265197394191643,0.798,27.18407436238948,1959.834761,-0.010656539300981226,0.05850885046559072
345,2.226521766454916,0.798,27.177022726555577,1965.392589,-0.010652504209144532,0.05848605881726128
346,2.226523678115313,0.797,27.169268412986717,1970.947441,-0.01066228561728829,0.058541308561737226
347,2.2265257059955292,0.797,27.162184211460456,1976.503447,-0.010658552711815334,0.05852022311471439
348,2.226527701853679,0.797,27.154546094969785,1982.060071,-0.010663053639932545,0.05854564681597606
349,2.22652975750511,0.797,27.14731816718727,1987.61563,-0.010659782701393762,0.058527170707977
350,2.2265317169657575,0.797,27.139462680240623,1993.172951,-0.010668527961150899,0.05857656958674583
351,2.2265337197961674,0.797,27.132276511873776,1998.729872,-0.010667051132091876,0.058568227341918966
352,2.226536122942113,0.797,27.123241416121147,2005.235527,-0.010670315404083124,0.058586666500006566
353,2.2265381389848264,0.796,27.115468143004968,2010.851873,-0.010675397540682542,0.05861537500927043
354,2.2265401500706568,0.796,27.108067462068497,2016.407483,-0.010676086102558607,0.05861926468941113
355,2.226542136161806,0.796,27.10000342601029,2021.957125,-0.01068601746550066,0.058675368444703106
356,2.2265442431101268,0.796,27.092607709564813,2028.021972,-0.01068227291632957,0.058654214581042904
357,2.226546240149404,0.795,27.084770841988814,2033.57907,-0.010688849729804918,0.058691368868044526
358,2.22654837797928,0.795,27.07741696296751,2039.135669,-0.010683138690899943,0.0586591055137995
359,2.226550338640399,0.796,27.069880750747057,2044.694125,-0.010687589775070536,0.05868425092615938
360,2.226552343886945,0.795,27.062125461786053,2050.249037,-0.010692692817895921,0.05871308016054081
361,2.2265543883007637,0.795,27.05477881358817,2055.80569,-0.010690990582411734,0.05870346343038959
362,2.226556378389505,0.794,27.04695481377669,2061.360139,-0.010697547945247209,0.058740509536387195
363,2.2265587609751507,0.794,27.038285093200763,2067.859993,-0.010696806407128737,0.05873632012035354
364,2.226560796402374,0.794,27.03105667678285,2073.480208,-0.010693956868645537,0.05872022143455749
365,2.226562781925665,0.794,27.022650969789503,2079.034785,-0.010707733046242819,0.05879805324679311
366,2.2265647575374867,0.794,27.014874742422823,2084.594687,-0.01071420848194382,0.0588346397239821
367,2.2265668341475604,0.794,27.00783786715009,2090.151941,-0.010707066809949116,0.05879428905529821
368,2.226568765626923,0.794,26.999993003555424,2095.70706,-0.010716296107248424,0.058846435158840964
369,2.2265707667586314,0.794,26.99222444210028,2101.262373,-0.010721428558953926,0.05887543492812237
370,2.226572772097901,0.794,26.98490010268299,2106.813946,-0.01072090751769341,0.05887249086534022
371,2.2265747853908158,0.793,26.977063071972605,2112.374316,-0.010726261682951075,0.05890274413070709
372,2.226576883657872,0.793,26.970258432591653,2117.92764,-0.010715155303980768,0.05883998941199564
373,2.2265788174147865,0.793,26.962830806517164,2123.483805,-0.01071901565892094,0.058861801278946
374,2.226581218715687,0.793,26.95360477984828,2130.002632,-0.010723795509117675,0.058888809114526486
375,2.2265832618958594,0.793,26.945778433026355,2135.607155,-0.010727533598435804,0.05890993110888925
376,2.22658516613744,0.793,26.93854235866291,2141.163124,-0.010730277045136722,0.05892543316114554
377,2.22658717345084,0.792,26.93105157221494,2146.716523,-0.010731466247990833,0.05893215291112828
378,2.2265892344114397,0.792,26.92334302596258,2152.272925,-0.010732867080048163,0.058940068554314246
379,2.2265911298868373,0.792,26.91622410203485,2157.831869,-0.010734482111516438,0.05894919464078087
380,2.226593134518998,0.792,26.9084105120368,2163.384694,-0.010739624732615046,0.05897825465716019
381,2.226595113163658,0.792,26.901076234574887,2168.941319,-0.010740064167433176,0.05898073785992571
382,2.226597105194156,0.792,26.89345107835652,2174.499574,-0.010743410545529195,0.05899964810083948
383,2.226599127652893,0.792,26.885571976046112,2180.050804,-0.01074844541683597,0.059028100574028505
384,2.2266010865908257,0.791,26.878647936098595,2185.610541,-0.01074468358115598,0.059006842058863994
385,2.226603470882963,0.792,26.86927268375117,2192.147507,-0.010751586547656386,0.05904585174606593
386,2.2266054376013713,0.79,26.862060750499523,2197.736862,-0.010750907238138872,0.05904201280427777
387,2.2266073577532515,0.791,26.85488768349177,2203.290977,-0.010751816614391608,0.05904715191174654
388,2.2266093268971194,0.791,26.84735106963713,2208.848024,-0.010754909813549252,0.05906463252065012
389,2.226611408142976,0.79,26.840072914386788,2214.401636,-0.01074979881904138,0.05903574889036335
390,2.2266133264751606,0.79,26.832248741586948,2219.960144,-0.010758597348866278,0.05908547227639345
391,2.226615306693834,0.79,26.824865766176096,2225.513411,-0.010759230174630895,0.05908904867185103
392,2.226617258858445,0.79,26.817631304671405,2231.070423,-0.010759290407864105,0.05908938907874855
393,2.2266193134476353,0.79,26.81018001469307,2236.623409,-0.010757348423676809,0.05907841404888772
394,2.2266212150476927,0.789,26.80218354294407,2242.18184,-0.010768849042306138,0.059143410877432426
395,2.2266232621306767,0.789,26.79437234585856,2247.739565,-0.010771535499615396,0.05915859421154242
396,2.2266256476607524,0.789,26.78514106269948,2254.326739,-0.010776178445801959,0.059184835747160144
397,2.226627717825058,0.789,26.777700377409232,2260.362931,-0.010773267342638148,0.05916838236540308
398,2.226629720861022,0.789,26.76942364549068,2265.924968,-0.010783451108183411,0.059225941505317264
399,2.2266318384507944,0.788,26.761769433011654,2271.980114,-0.010780923847914538,0.059211657018651304
400,2.2266337829705414,0.788,26.75433637398345,2277.535857,-0.010783461257567782,0.05922599887167448
401,2.2266357765968854,0.788,26.74712425342772,2283.095441,-0.010781091748137102,0.059212606012154244
402,2.2266377268852846,0.787,26.73914987076812,2288.651565,-0.01078984472804734,0.059262080135881925
403,2.226639714874331,0.787,26.73165140209112,2294.203211,-0.010791121713685516,0.05926929818234432
404,2.226641645340909,0.787,26.722991197659407,2299.767052,-0.010808969748114352,0.05937018767706554
405,2.226643847632701,0.787,26.71531620910921,2305.820018,-0.01080268213809962,0.05933464465253918
406,2.226645850508555,0.787,26.70789830249082,2311.378674,-0.010802214809057964,0.05933200295055106
407,2.226648256349596,0.787,26.698229567327203,2318.07053,-0.010810752889559988,0.05938026775329554
408,2.226650419938694,0.787,26.690490273191624,2324.007745,-0.010806867284985118,0.05935830260107377
409,2.2266523359889656,0.787,26.682862562446708,2329.560382,-0.010812718629423474,0.05939138016588397
410,2.2266542781804657,0.787,26.67527371569647,2335.120057,-0.01081689421358657,0.059414985306064885
411,2.2266562771382667,0.787,26.66761481940051,2340.676509,-0.01081933022321335,0.0594287566368378
412,2.2266581965611065,0.787,26.660321305466503,2346.22895,-0.010820907416538343,0.05943767297298651
413,2.226660244518886,0.786,26.65306640253637,2351.781399,-0.010816217289258738,0.059411158526299204
414,2.2266621959315365,0.786,26.64497991899392,2357.340976,-0.01082583008370546,0.05946550273004891
415,2.2266642161896093,0.786,26.637222504429868,2362.895563,-0.010828358400548202,0.0594797965717347
416,2.226666135592505,0.786,26.62972136009917,2368.453126,-0.010832301788759052,0.05950209090097839
417,2.2266680887704093,0.786,26.622041599363836,2374.009454,-0.010836840814166936,0.05952775329675493
418,2.2266705446580546,0.785,26.61230074008038,2380.730592,-0.01084351339542516,0.0595654793425309
419,2.226672638519693,0.785,26.604590686084418,2386.636183,-0.010842020549596041,0.05955703884002639
420,2.226674576359659,0.785,26.59757066532194,2392.189931,-0.010839222331733851,0.059541217984754626
421,2.226676490110628,0.785,26.58961244822217,2397.746669,-0.010848726879782732,0.05959495673703541
422,2.226678406339692,0.785,26.58219935274743,2403.302426,-0.010851549403467555,0.05961091581551471
423,2.2266803725584747,0.785,26.574174248926823,2408.857287,-0.010859428046712983,0.05965546439880018
424,2.226682294767148,0.785,26.56680233666741,2414.41801,-0.010861422164741641,0.059666740127548364
425,2.2266842064233665,0.784,26.559360586681866,2419.971938,-0.010864694668896491,0.0596852447399758
426,2.226686214598905,0.784,26.551849069186986,2425.529791,-0.010864435763491125,0.059683780728931525
427,2.2266881477525615,0.783,26.5441595705407,2431.086716,-0.010869642254591385,0.05971322182859391
428,2.2266900373193006,0.784,26.53647268562813,2436.641921,-0.010876740339337236,0.059753360607613146
429,2.22669233375376,0.783,26.52712924212463,2443.302647,-0.010885337172879227,0.05980197663348837
430,2.22669434080223,0.783,26.519412089942747,2449.265447,-0.010887445275654948,0.059813898519524976
431,2.2266963118067373,0.783,26.511841745003345,2454.823228,-0.010889383650493198,0.0598248606654683
432,2.2266981911892763,0.783,26.504850441981883,2460.379019,-0.01088848865084585,0.05981979913478274
433,2.2267000848563177,0.783,26.49724895530201,2465.932554,-0.01089420745771789,0.05985214136467506
434,2.2267021106620897,0.783,26.48889387544014,2471.496699,-0.010902950910507907,0.05990159110855916
435,2.2267041250439767,0.781,26.481405742566725,2477.551794,-0.010901826519257184,0.059895231838738724
436,2.2267060042977516,0.782,26.473884111022983,2483.110789,-0.010907136802792136,0.05992526577773295
437,2.226707962093007,0.782,26.466149163334364,2488.664339,-0.010911429764221076,0.05994954655348802
438,2.2267098515714117,0.782,26.45881240891021,2494.217229,-0.010914011542382205,0.05996414922648494
439,2.226711741281795,0.782,26.451298306963224,2499.777548,-0.01091866382003492,0.059990463254922306
440,2.226714109634344,0.781,26.441990046783843,2506.528864,-0.01092314961832227,0.06001583626017204
441,2.226716141154709,0.781,26.433368062606807,2512.408476,-0.010934544109411776,0.06008028957674441
442,2.226718072500989,0.781,26.42597015691267,2518.461316,-0.010935833491980218,0.06008758325567946
443,2.2267200059105305,0.781,26.418754153398066,2524.017619,-0.010934835459566177,0.06008193765928344
444,2.2267218540810507,0.781,26.41146869515108,2529.577447,-0.010938460364922012,0.06010244289932876
445,2.2267237540600995,0.781,26.403719268734584,2535.133194,-0.010945241045550462,0.06014080067185632
446,2.2267255403848383,0.78,26.39615180268655,2540.687397,-0.010954929112528525,0.06019560767585502
447,2.2267275018423556,0.779,26.389017045242777,2546.242657,-0.010951581982740216,0.06017667209045077
448,2.2267293134307193,0.78,26.38141868686403,2551.800632,-0.0109604376711849,0.06022677175450616
449,2.2267312453795625,0.78,26.373751248727693,2557.352496,-0.01096467478746553,0.06025074339987699
450,2.226733100660381,0.78,26.366551970186485,2562.913817,-0.01096676790292159,0.06026258547705855
451,2.226735377694339,0.779,26.356741741017235,2569.68351,-0.010980846999123458,0.06034224321653916
452,2.226737372918014,0.779,26.348975364072835,2575.539421,-0.010983305470954535,0.06035615354400729
453,2.22673923606221,0.779,26.341605157958227,2581.095032,-0.010986966802767591,0.06037687013092517
454,2.226741007829529,0.779,26.33423736980645,2586.651777,-0.01099467114965462,0.06042046425397024
455,2.2267428473183792,0.779,26.327014992492657,2592.209678,-0.010997581746840792,0.060436933979553985
456,2.226744753761981,0.779,26.319294624632505,2597.757905,-0.011003348404160337,0.06046956557640502
457,2.226746633498737,0.779,26.31200560408083,2603.319627,-0.011005177439782991,0.06047991568802895
458,2.2267484852994213,0.778,26.304076124596715,2608.874707,-0.011015803146901499,0.0605400462074043
459,2.226750340839924,0.778,26.296970549778543,2614.429428,-0.011016486015424253,0.06054391065249871
460,2.2267522120239636,0.778,26.28933189064232,2619.987184,-0.01102273598941607,0.06057928074421439
461,2.22675397375197,0.778,26.281802862964003,2625.542949,-0.011032572202080366,0.06063494857290616
462,2.226756244707092,0.778,26.27260018928838,2632.289926,-0.011039269274271507,0.060672852155408775
463,2.2267580292854654,0.778,26.264684634130045,2638.170013,-0.01105256797409193,0.06074812309346439
464,2.2267599008743573,0.777,26.257876642206508,2643.722009,-0.011048857293361988,0.060727120027419985
465,2.2267616900565232,0.777,26.25014441869083,2649.2828,-0.011059719710995772,0.06078860426377264
466,2.226763472513174,0.777,26.242949080004763,2654.838213,-0.011064520375306964,0.06081577844928069
467,2.226765217983697,0.777,26.235400023403265,2660.39165,-0.011075120203743762,0.06087578126660701
468,2.2267669604422,0.777,26.227817922198675,2665.951213,-0.011086211520304303,0.06093856985339972
469,2.2267687396069777,0.776,26.22038070500532,2671.505649,-0.011093915207546464,0.06098218303193369
470,2.2267704773945916,0.776,26.212519160015464,2677.061212,-0.01110843964949992,0.061064415621148074
471,2.2267722287089344,0.776,26.205300356813005,2682.620417,-0.011114757962670597,0.06110018978451804
472,2.2267739142948084,0.776,26.197692910412577,2688.174675,-0.011128568939366777,0.06117839140308498
473,2.2267760390289872,0.775,26.189199803911865,2695.013012,-0.011133040709309415,0.061203713035602444
474,2.2267777484613545,0.775,26.181242667781632,2700.798265,-0.011149819872129723,0.061298731242304644
475,2.226779429512399,0.775,26.17371441723579,2706.362203,-0.011162798047406818,0.06137223070943274
476,2.226781143862342,0.775,26.1664726472616,2712.416723,-0.011170883694073966,0.06141802479487763
477,2.226782774018181,0.775,26.158878412719297,2717.974839,-0.011186857477170261,0.06150850006995656
478,2.226784331257145,0.774,26.151712393372176,2723.532898,-0.011201046660778957,0.06158887377896524
479,2.226785946019458,0.774,26.14398135009025,2729.088127,-0.01121925170337887,0.061692003851065255
480,2.2267874491530586,0.774,26.13664288478333,2734.641012,-0.01123783084950804,0.061797263376231856
481,2.226788922586308,0.773,26.129306833739896,2740.195263,-0.011257684142065535,0.06190975290894734
482,2.226790314732054,0.774,26.121796084911416,2745.754305,-0.011283203490197005,0.06205436379497504
483,2.2267916159763357,0.773,26.11442950743944,2751.310395,-0.011311083050308259,0.062212371524332705
484,2.2267931064493296,0.772,26.10487075456135,2758.095517,-0.011356103016669544,0.062467571632090234
485,2.2267940270619886,0.772,26.097368237292194,2763.933784,-0.011402592766128929,0.06273116677657933
486,2.2267946463031922,0.772,26.090328079275743,2769.490824,-0.01145717260568984,0.06304071467838732
487,2.226794696040346,0.772,26.082901180353694,2775.044822,-0.011541819122311647,0.0635209605530014
488,2.2267935572454864,0.772,26.075724199708706,2780.604451,-0.01167687958490531,0.06428767476921957
489,2.2267887004457703,0.771,26.0686202083332,2786.163249,-0.011978004111470526,0.06599906430231385
490,2.2267659387117393,0.771,26.06074131947948,2791.724527,-0.01309212491769184,0.07235451308467787
491,2.226686552238512,0.77,26.05374805278184,2797.775592,-0.01673844401079843,0.09341440351904738
492,2.2265778186338077,0.769,26.047392445790088,2803.337451,-0.02169503641125674,0.12268237203072309
493,2.2264903894520556,0.768,26.04068572035668,2808.889146,-0.02569908027727585,0.14686727094384935
494,2.2264321747660416,0.765,26.034369130095246,2814.446343,-0.028386746821284132,0.1633738377474928
495,2.226381593582684,0.764,26.026184935649702,2821.325676,-0.030753404562192735,0.1780909377677629
496,2.2263493928705853,0.763,26.019907726749928,2827.073818,-0.03227246925177621,0.1876273217246839
497,2.226321099081141,0.761,26.0128567992066,2832.626655,-0.0336250962293937,0.19617822271338997
498,2.226292093131167,0.759,26.006301445585517,2838.185666,-0.03500389697832512,0.2049522504945606
499,2.2262633709712136,0.757,25.9998184839833,2843.743959,-0.036369085095887245,0.21369709886725718
500,2.226236529263721,0.757,25.99337263381316,2849.298561,-0.03764937891441359,0.22195016431371162
501,2.226207778257671,0.754,25.986787824702887,2854.856657,-0.03901699506613632,0.23082182604365675
502,2.2261811489909946,0.752,25.979853000495226,2860.409147,-0.040293385737503164,0.23915369146805962
503,2.2261578370369914,0.752,25.973025901431395,2865.961381,-0.04141954046324479,0.24654659490466635
504,2.2261359678134696,0.749,25.966130554181323,2871.520394,-0.042481678681372724,0.25355513960373116
505,2.2261190886667808,0.748,25.9594131717157,2877.07501,-0.043317656447024816,0.2590958894572996
506,2.2261012897178634,0.746,25.95065901239911,2883.943609,-0.04421856702461025,0.2650912197420239
507,2.2260867440904333,0.744,25.94363006342206,2889.703432,-0.044953320798425095,0.2699994326827482
508,2.226073063151025,0.742,25.9369194989582,2895.261744,-0.04564552338085983,0.27463871122548505
509,2.226058350286029,0.741,25.93024608552039,2900.815175,-0.04638360297241253,0.2796018427342236
510,2.2260442288097098,0.739,25.923399147168336,2906.36954,-0.04709711426563805,0.28441584654803304
511,2.226029838588732,0.737,25.916238462687964,2911.927087,-0.04782630244009381,0.2893519651128995
512,2.2260146627511577,0.736,25.908939757877448,2917.494321,-0.0485923350109637,0.29455530439169725
513,2.2259973730242706,0.734,25.90188896986635,2923.542314,-0.04945037979280079,0.3004053287297869
514,2.2259822029403358,0.732,25.894980676666272,2929.103006,-0.05021156906614523,0.3056142015791202
515,2.225965057551561,0.731,25.887618882408923,2934.656656,-0.05106667441092072,0.31148729163681144
516,2.225948423720466,0.728,25.880434733212155,2940.20945,-0.05189672138141765,0.3172100948117778
517,2.225926942165694,0.726,25.87090619780749,2947.175424,-0.05297152892672624,0.32465238179376665
518,2.2259101904882774,0.724,25.864322699556944,2952.840884,-0.05379984886110876,0.3304125532987722
519,2.2258936550017556,0.723,25.85728612946771,2958.396897,-0.054623673088016855,0.33616275382561767
520,2.2258786244917554,0.721,25.850321783442396,2963.954211,-0.05537905757772791,0.3414539294569745
521,2.225863875376053,0.72,25.843044814756063,2969.510804,-0.05612538944639558,0.34669925618597996
522,2.2258476589777234,0.719,25.83604999158004,2975.064114,-0.05693431406256897,0.35240422156883966
523,2.2258315959592574,0.717,25.828987470476147,2980.618996,-0.057737103776783746,0.35808622537549456
524,2.225816416458538,0.715,25.821682587983624,2986.1752,-0.05850298932588598,0.36352589725254736
525,2.225800915523558,0.713,25.814659600127747,2991.730159,-0.059280023897566994,0.3690635988981378
526,2.2257849165301224,0.711,25.80739438531026,2997.285164,-0.06008218527860738,0.37480029855946184
527,2.2257692774521947,0.71,25.79992209555892,3002.851998,-0.06087054128683931,0.38045800771934934
528,2.2257470821649026,0.708,25.79140537918201,3010.390155,-0.06196527725083577,0.38834696225419885
529,2.2257274493927146,0.706,25.784810676754237,3015.973488,-0.06292277424759392,0.3952779269607102
530,2.2257083494495236,0.705,25.777694800674137,3021.533236,-0.06386232089335225,0.40210709287720614
531,2.2256890197737906,0.704,25.771104202512603,3027.092027,-0.06480610643793594,0.4089951552710374
532,2.2256688011620014,0.702,25.764167027472727,3032.644552,-0.06579376702327484,0.4162336026827548
533,2.2256469635252807,0.7,25.75709266421523,3038.199325,-0.06685567158506307,0.42405063072249105
534,2.225617848502304,0.698,25.75029923492957,3043.753342,-0.06824107533177562,0.43430277702841913
535,2.2255855300491647,0.696,25.742811474945974,3049.310947,-0.06977826631606049,0.44574945801243804
536,2.2255487159846767,0.695,25.736126885551126,3054.869593,-0.07150805098036125,0.4587200963082839
537,2.2255095260118245,0.693,25.728643949615027,3060.427757,-0.0733536554228351,0.47266423832238824
538,2.225467411219055,0.692,25.72189409095548,3065.982941,-0.07532213494163699,0.4876564622170428
539,2.225410428921685,0.689,25.71309455437084,3073.009057,-0.07798166407479301,0.508108484485027
540,2.2253624031711055,0.688,25.706175655632386,3078.607312,-0.08021741985906009,0.5254769004192714
541,2.2253149628364737,0.686,25.699119928815875,3084.16502,-0.08242842806232781,0.5428108416635526
542,2.225267915078038,0.684,25.69192750709438,3089.715507,-0.08462334403414157,0.5601741285059954
543,2.2252215049626063,0.684,25.68505000403026,3095.275681,-0.08678598815894707,0.5774339646832027
544,2.2251757224142263,0.681,25.67768860149546,3100.830136,-0.08892596591736203,0.5946615517759636
545,2.2251312090895707,0.68,25.670850266388424,3106.382693,-0.09100293206005511,0.6115235444344367
546,2.2250867715216,0.678,25.663840582710797,3111.946615,-0.09307842762898838,0.628513268608257
547,2.2250431114650726,0.676,25.656590347139534,3117.499926,-0.09512173320965098,0.6453761327358167
548,2.225000044982031,0.675,25.649307835738988,3123.055075,-0.09713872278922978,0.6621550283611669
549,2.2249575010090705,0.674,25.642097066286837,3128.610413,-0.09913139770898224,0.6788618532645889
550,2.224905521149638,0.672,25.63308694047989,3135.586655,-0.1015682717893572,0.6994691273153526
551,2.2248650952349545,0.67,25.62591614329944,3141.241401,-0.10346531482255128,0.7156458335035397
552,2.2248262857060688,0.668,25.619370943827025,3146.79208,-0.10528260684001495,0.7312530860791694
553,2.2247880418803896,0.667,25.61175465698915,3152.345636,-0.10708669614524001,0.7468541828258531
554,2.2247504406813268,0.666,25.60507527802775,3157.90723,-0.10885120629068994,0.7622165275362297
555,2.224712389237525,0.664,25.597948241565035,3163.461292,-0.11064100954451635,0.777903823118641
556,2.2246741220459483,0.663,25.59058146519608,3169.017265,-0.11244320091750432,0.7938064501197054
557,2.224635195910241,0.66,25.583355443261944,3174.569623,-0.11427334062277528,0.8100654931287227
558,2.224596775675252,0.659,25.57627003776992,3180.134566,-0.11607913071945505,0.8262168304382452
559,2.2245578256953125,0.658,25.569014198162886,3185.687109,-0.11791061532483202,0.84270836391567
560,2.2245181222737895,0.656,25.5620715789882,3191.242678,-0.11977233069108452,0.8595862185620583
561,2.2244687553035014,0.653,25.55236942511804,3198.49563,-0.12209930359965875,0.88084402945971
562,2.224426559551966,0.651,25.5450870101788,3204.377172,-0.1240767150751334,0.8990502204102991
563,2.224386976113469,0.65,25.53787601662057,3209.926915,-0.12593598917162765,0.9162877331893376
564,2.2243472825113235,0.648,25.53080534604518,3215.484995,-0.12779858209784112,0.9336718743258152
565,2.22430587906901,0.647,25.52363354304976,3221.03971,-0.12973906325208812,0.9519065116053711
566,2.2242644920381958,0.645,25.516326245987862,3226.600341,-0.13168031352308213,0.9702747352798966
567,2.224220712680765,0.644,25.508780240182222,3232.159887,-0.13373165369727857,0.9898222131546317
568,2.2241727161996656,0.642,25.501236845000545,3238.218401,-0.13597227448131055,1.011335204430116
569,2.2241271114783308,0.64,25.494281323643715,3243.76894,-0.13809880279545295,1.0319093334727807
570,2.224079876770486,0.639,25.48729360478704,3249.330305,-0.14029885042434945,1.0533555596932018
571,2.224032495492447,0.637,25.47941359629421,3254.96265,-0.14251556006733876,1.0751299221105308
572,2.223964056714509,0.635,25.46974813471445,3262.524121,-0.14569792112233307,1.1066811833746977
573,2.2239075688710424,0.633,25.462768281004404,3268.521115,-0.14831322794492002,1.13286826236597
574,2.2238504922629123,0.631,25.455618830391177,3274.077331,-0.150956857388986,1.1595759384140507
575,2.2237864162401753,0.63,25.449158847196863,3279.629845,-0.1539069202360622,1.1896614092339457
576,2.223725764276252,0.629,25.44160172714406,3285.191529,-0.1567156263791682,1.2185824063358013
577,2.223660552042139,0.627,25.435901274044927,3290.744948,-0.1597080562333029,1.2496933977518367
578,2.223594036826899,0.626,25.42879497049688,3296.297366,-0.16277485531040337,1.281897656437355
579,2.2235268015725302,0.624,25.421073361189418,3301.85468,-0.16588090079882029,1.3148452306353602
580,2.2234569664360824,0.623,25.41441781962,3307.414845,-0.1690916002818208,1.3492542824952294
581,2.223385762879381,0.621,25.407421407040943,3312.965412,-0.1723675581373076,1.3847319541829821
582,2.2233128397858772,0.619,25.399810223343355,3318.531081,-0.17572762510205886,1.4215091585649358
583,2.223206924958349,0.617,25.390317125152556,3326.330387,-0.18059016865451472,1.4754310235982857
584,2.2231253225184653,0.616,25.38322571377208,3332.162125,-0.1843339805482002,1.5175128912312816
585,2.223046667439262,0.615,25.376239342520908,3337.718437,-0.187944241204714,1.5585617511406544
586,2.2229673539059607,0.614,25.368912918812427,3343.274085,-0.19158786249597878,1.6004576777586779
587,2.22288707744534,0.612,25.362239125806276,3348.829226,-0.1952673328523376,1.643244434834422
588,2.222805581735764,0.61,25.35488322083287,3354.388461,-0.1990091924043824,1.6872518195375383
589,2.222722297907151,0.609,25.34776918463472,3359.939858,-0.2028285777544172,1.7326879011035212
590,2.2226381885446997,0.607,25.340657482501037,3365.499385,-0.20668496715826098,1.7790961623422255
591,2.2225524512255657,0.606,25.33347976539506,3371.049602,-0.21061515655240634,1.8269448035840912
592,2.2224670110449285,0.605,25.325860315939146,3376.616993,-0.214536932911931,1.8752490901799477
593,2.2223757721184025,0.603,25.31885825311805,3382.668868,-0.21871208960003202,1.9272896318769646
594,2.2222604344132737,0.6,25.3092298455615,3390.033253,-0.22399869569761133,1.9940987820023912
595,2.2221703059918374,0.599,25.30172129467644,3395.807272,-0.22812959452831522,2.047018195408167
596,2.222076643798398,0.598,25.29472703455921,3401.864019,-0.23241334598501961,2.102562207034406
597,2.2219916972261777,0.596,25.28763272977514,3407.418482,-0.23630686784523722,2.153637968862515
598,2.2218999829632615,0.594,25.28091574951416,3412.978484,-0.2404999833668436,2.209277010736661
599,2.221808683960685,0.593,25.273791893444137,3418.53414,-0.24467898100326166,2.2653853482981385
600,2.221719065918028,0.592,25.26684072783612,3424.090134,-0.24878053692536725,2.321094693944347
601,2.2216303520083343,0.591,25.25934687761949,3429.649788,-0.25284754025506295,2.3769648208029284
602,2.221533660474187,0.589,25.252366310347725,3435.704254,-0.2572669416018735,2.438391233128041
603,2.2214420568555697,0.587,25.245115719586067,3441.260753,-0.26146089089583413,2.497376835287088
604,2.221351550329663,0.586,25.23786756241375,3446.819556,-0.2656055188864341,2.556335420702994
605,2.221234305869358,0.583,25.22915938111034,3454.204101,-0.270966907847084,2.6335921594975655
606,2.2211433381540395,0.583,25.221202631647916,3459.955347,-0.2751400767553355,2.694504248088251
607,2.2210495671789667,0.581,25.21382655806484,3466.014398,-0.27943257923790515,2.7578728772354255
608,2.2209583469909284,0.58,25.20682671984969,3472.073147,-0.2836063194493886,2.8201875950875217
609,2.220875880353898,0.578,25.199795189813152,3477.627714,-0.28738736296840234,2.877238195766846
610,2.2207922490940812,0.576,25.19334314654984,3483.184265,-0.2912141987097515,2.93556295884306
611,2.220705486201113,0.576,25.18607842034354,3488.736434,-0.29519066881692957,2.9967936315053207
612,2.220620149201404,0.573,25.179664413275734,3494.295365,-0.29909360278184516,3.0575155626629447
613,2.220537962759923,0.573,25.171590231195704,3499.857365,-0.30287354831197,3.1169165960734295
614,2.2204476599687673,0.571,25.16470582012785,3505.913536,-0.3070046080945623,3.182506446192277
615,2.2203668692759604,0.569,25.157247366794653,3511.472985,-0.3107149527352197,3.242017830951731
616,2.2202617032518543,0.568,25.147758526201557,3519.284329,-0.31554224136735004,3.320302144818545
617,2.2201897371451706,0.566,25.14040755179746,3525.109271,-0.31885510240053705,3.3745921050685994
618,2.220120234909586,0.565,25.13343153092968,3531.163116,-0.3220531379214085,3.4274396142460084
619,2.2200601342033366,0.564,25.12662701152248,3536.723058,-0.3248271300334612,3.473631214060709
620,2.22000471875006,0.562,25.11965545933353,3542.280017,-0.32739259079930866,3.5166424650693586
621,2.21995188566524,0.561,25.11312591047431,3547.830042,-0.32983717086006575,3.5578894339106766
622,2.219905397550813,0.56,25.10588821146614,3553.392103,-0.3320047098691832,3.5946770125509344
623,2.219863201411672,0.559,25.099126210354964,3558.948646,-0.3339742397709969,3.628279978346398
624,2.219824566352409,0.556,25.09223116179776,3564.503171,-0.33578533326566024,3.6593282441648713
625,2.2197896735745437,0.555,25.08520319510691,3570.05836,-0.3374298521864084,3.6876444833547843
626,2.2197593711170907,0.554,25.07848147618192,3575.613064,-0.3388648538441297,3.7124495673476297
627,2.219721631771962,0.553,25.068824802003498,3583.019048,-0.3406662343760058,3.743715393559583
628,2.2196962819359785,0.552,25.06197322570318,3588.74785,-0.34188024758236835,3.7648668785403188
629,2.219674857192517,0.55,25.05532625110405,3594.299767,-0.3429157422286583,3.782959335873196
630,2.219656350134534,0.549,25.048613885856547,3599.858123,-0.3438209381210268,3.798813914206332
631,2.2196422400806224,0.547,25.041701334811705,3605.412499,-0.3445309085950948,3.8112744337593303
632,2.219629625481729,0.546,25.034656199194774,3610.970398,-0.345175175272538,3.822601102529274
633,2.21961610082688,0.545,25.028152460805543,3616.526132,-0.3458542878179168,3.8345602936615975
634,2.21960849503632,0.544,25.0211117787263,3622.084094,-0.3462735687778326,3.8419540558032605
635,2.2196018730878038,0.543,25.01373670456155,3627.634632,-0.3466523426481245,3.8486402099825066
636,2.219591940745628,0.54,25.00703735564141,3633.194421,-0.34717225131086865,3.8578280695457847
637,2.219582697536889,0.539,25.000575649092102,3638.748824,-0.34765857103623127,3.866433224304677
638,2.2195762068324494,0.538,24.99007953607119,3646.360907,-0.34806579480325495,3.8736469189116947
639,2.219573105040836,0.537,24.983286721292085,3652.387648,-0.3482799720393606,3.8774438885581644
640,2.2195707834126273,0.535,24.976328005345213,3657.943963,-0.3484609247189587,3.8806534410573814
641,2.219570115213794,0.534,24.969539557247675,3663.494915,-0.34856573994077045,3.8825132133391924
642,2.219570113462262,0.533,24.963055578207825,3669.053379,-0.3486372538142099,3.8837823895829056
643,2.2195711199628296,0.531,24.955969126337514,3674.608766,-0.34867011074187043,3.8843655869245257
644,2.2195730024299576,0.531,24.94868361514726,3680.17265,-0.3486658023291011,3.8842891115757996
645,2.219576355411113,0.529,24.941568372129208,3686.223161,-0.34859356932384955,3.883007081892714
646,2.2195787036471137,0.527,24.934992237392212,3691.782235,-0.3485604875592963,3.8824200068813814
647,2.219581270573988,0.526,24.927210858616363,3697.344825,-0.3485308149898929,3.8818934735861395
648,2.2195841238376017,0.525,24.920236861577955,3703.402876,-0.3484793788807825,3.8809808440229023
649,2.219590017010343,0.523,24.911422041279188,3710.818688,-0.3483116586004015,3.878005806769432
650,2.2195972356393665,0.521,24.904419705140484,3716.532017,-0.3480644824363099,3.8736236593526834
651,2.219599639195801,0.52,24.898055940018523,3722.086522,-0.34802644772617575,3.8729495896193376
652,2.2196013685776808,0.519,24.890723219598723,3727.650158,-0.3480292920722493,3.8729999962819415
653,2.2196110889867233,0.517,24.883928475657203,3733.704262,-0.3476674366095976,3.866590193334811
654,2.219621985368913,0.516,24.877236265283585,3739.262502,-0.3472516342968897,3.8592319883731245
655,2.219633970858278,0.516,24.87074682959185,3744.818664,-0.34678468740190743,3.850977875172107
656,2.2196459747907915,0.514,24.86365754202281,3750.377619,-0.3463234633372213,3.842834435204043
657,2.21965252196786,0.513,24.85680457917885,3755.930945,-0.34610460996917,3.838973632555778
658,2.2196498846700212,0.511,24.849486046150727,3761.492093,-0.34630317641166236,3.8424764631755717
659,2.219636081053547,0.509,24.84253744073954,3767.546657,-0.34699898674825774,3.854764792038072
660,2.2196064611006543,0.508,24.83332067885594,3775.053847,-0.34842967915911016,3.880099135193489
661,2.2195781435350566,0.508,24.82661098499312,3780.679608,-0.349774428508074,3.9039948124558177
662,2.2195476161056984,0.506,24.81943629265343,3786.23919,-0.35122344862563887,3.929833826713979
663,2.2195131500165193,0.505,24.812931107473936,3792.297796,-0.3528419498117581,3.9588063338477175
664,2.2194821405530254,0.503,24.80549428480672,3797.858215,-0.3543154151324014,3.985285017785261
665,2.219449930330903,0.502,24.799026699708705,3803.909075,-0.3558321705896637,4.012643932760803
666,2.2194224448286892,0.501,24.792094569119385,3809.465505,-0.3571418516692746,4.03635141376359
667,2.2193974801167395,0.501,24.785064767760343,3815.020832,-0.3583393965972387,4.05809713619635
668,2.2193752555555784,0.499,24.77873660653131,3820.58371,-0.3594062360215211,4.0775243543948445
669,2.2193558082089235,0.497,24.77134503968496,3826.135985,-0.3603599633956763,4.094935703249579
670,2.2193390449443333,0.496,24.764921129941,3831.69148,-0.36118260577970357,4.109987311582656
671,2.2193206146559894,0.495,24.75573798585981,3839.223321,-0.3621101336954828,4.126995103245598
672,2.21930982299868,0.493,24.748487443448223,3844.82662,-0.3626736217579533,4.137346855681326
673,2.2193016370168586,0.492,24.74127262286735,3850.388737,-0.3631197069422426,4.145552148427055
674,2.2192951317559277,0.491,24.73489105048623,3856.445257,-0.36348123588777353,4.152208817196513
675,2.2192912902005495,0.489,24.72804629221647,3861.994868,-0.3637281926217457,4.156759372449886
676,2.2192897021438656,0.489,24.721203745438096,3867.556188,-0.36387392653717043,4.159446058187129
677,2.2192898823896408,0.488,24.71442980967669,3873.111595,-0.36393949905356565,4.160655242608121
678,2.219291630803747,0.486,24.70825546276079,3878.664775,-0.36392812495837656,4.160445485393392
679,2.2192947170446087,0.485,24.70092161748746,3884.220384,-0.36386926563611866,4.159360116765586
680,2.219298899334776,0.484,24.694353181469825,3889.780293,-0.3637528552166555,4.15721397243958
681,2.219304579267534,0.483,24.68725625574482,3895.335021,-0.3635749216087277,4.153934789750735
682,2.2193147105867075,0.481,24.67863702630746,3902.877898,-0.3632136352363364,4.147281030247865
683,2.219323103034563,0.48,24.671909839489267,3908.466961,-0.3629098491604428,4.141690885725032
684,2.219331779521068,0.478,24.664986056112543,3914.021447,-0.362595418135085,4.1359093187395555
685,2.219340786156678,0.478,24.658395662399197,3919.576769,-0.36226252409225945,4.12979320756934
686,2.219350844334018,0.476,24.651410103186265,3925.130774,-0.36188667952315445,4.12289409127336
687,2.219361628740973,0.475,24.64455921657212,3930.691942,-0.3614767448634877,4.115376584355616
688,2.2193720432028146,0.474,24.637975193855485,3936.246262,-0.36108050298585825,4.108117489972897
689,2.219382252155619,0.472,24.63056648898048,3941.805015,-0.3607023916038013,4.1011972385117685
690,2.2193921506338485,0.471,24.62322649903126,3947.363546,-0.3603374450529234,4.094524127537127
691,2.219402414679763,0.471,24.616649128641757,3953.418042,-0.359947806714636,4.087406235326981
692,2.2194116976517813,0.47,24.60931397971085,3958.979143,-0.3596103845327301,4.081247821691498
693,2.219425091577004,0.467,24.599339629550705,3967.060753,-0.35911689896469173,4.07225038554857
694,2.219435014058644,0.466,24.592274569178848,3973.123709,-0.3587477777357324,4.065527664120225
695,2.2194450009200932,0.464,24.58567385003926,3979.176664,-0.35837072349409044,4.058666862970618
696,2.219454135823024,0.464,24.5788772712105,3984.737303,-0.3580340084559035,4.0525455307902245
697,2.2194632562524164,0.463,24.572313726547563,3990.290935,-0.357695402513675,4.046395018890831
698,2.219472383229917,0.462,24.56562035910315,3995.847377,-0.3573578795462293,4.040269360492416
699,2.219481348304646,0.461,24.55797340195396,4001.407276,-0.3570378853391677,4.034466603709295
700,2.2194910501082323,0.459,24.55108692697069,4007.465308,-0.3566765846784037,4.027920379993494
701,2.219499888680289,0.458,24.54463084522866,4013.016643,-0.3563493737106138,4.021996915516651
702,2.2195086844096257,0.456,24.53807797300034,4018.571148,-0.35602510598000625,4.016131516175223
703,2.219517237321978,0.456,24.53109926984743,4024.131351,-0.3557163020402813,4.010550252317802
704,2.219528711500282,0.454,24.521754070839823,4031.741067,-0.35530179909342,4.003065385021078
705,2.219538112453215,0.453,24.51501099858729,4037.771132,-0.3549523241333013,3.9967607912612
706,2.2195471680537975,0.452,24.50761255639822,4043.329389,-0.3546253784899045,3.990867624786445
707,2.2195571062392556,0.451,24.501071216794216,4049.385351,-0.35424956286058545,3.984099541152416
708,2.2195662417250053,0.45,24.494236215494183,4054.947069,-0.3539129171856492,3.978042280080705
709,2.2195766260519587,0.448,24.487666197197623,4060.999801,-0.35351733232907645,3.9709310543622687
710,2.2195859026465503,0.448,24.48037588506194,4066.563729,-0.35317919211507454,3.964858068262901
711,2.219596232729155,0.446,24.47344915220079,4072.618731,-0.352789822865055,3.957871384451251
712,2.219605418803044,0.446,24.4669184524372,4078.17808,-0.3524475355263281,3.9517351504864355
713,2.2196147717811434,0.444,24.46012736978546,4083.728399,-0.3521005257340106,3.9455196308799354
714,2.219623918701612,0.443,24.453404069120477,4089.285476,-0.35176201423184145,3.9394615402724122
715,2.2196349614604514,0.441,24.443798412076177,4096.875521,-0.3513692711496699,3.932439351103039
716,2.2196429479524507,0.44,24.43744077524013,4102.924376,-0.3510788763674879,3.927251582829109
717,2.2196494455786775,0.44,24.431543662560795,4108.480869,-0.35085036626393784,3.923172012827068
718,2.2196588352692737,0.439,24.428038943549897,4114.03713,-0.3504663730361052,0.35828348626353274
719,2.2197526607093665,0.439,24.4296438354921,4119.591259,-0.34623697239109646,0.2142084489906482
720,2.2261778668699956,0.439,24.431347120702583,4125.150897,-0.057764922791113144,2.6714670287955973
721,2.226652797187265,0.44,24.430855774203817,4130.704294,-0.03644863827415828,2.6233752135194215
722,2.2267000629957114,0.439,24.428464719206666,4136.260847,-0.03435238088026105,0.1516573969764804
723,2.2266584035610664,0.439,24.424076369983982,4141.813555,-0.03626979767506774,0.1607921280549066
724,2.2266505269132337,0.437,24.41759377644217,4147.369819,-0.036693050663403816,0.16281813687508986
725,2.226613686373862,0.435,24.409738778707823,4152.92566,-0.038431318699919066,0.171175221525046
726,2.22652976711902,0.433,24.400807302937142,4160.58647,-0.04229464996301768,0.1899589460717573
727,2.2264492885034555,0.433,24.395541809806183,4166.56785,-0.04596414369045545,0.20806877494136594
728,2.226373505771394,0.432,24.390669956990514,4172.123453,-0.04941857981798301,0.22535672886892436
729,2.226317840454156,0.431,24.383511374492933,4177.678397,-0.051994364689944256,0.23839878961129177
730,2.2262818639611126,0.428,24.375963197255423,4183.233132,-0.05369038469744368,0.24705699551679214
731,2.226252674151159,0.428,24.367470674246263,4188.788035,-0.055091804391313684,0.25425365093663305
732,2.226224270643431,0.425,24.358883672339864,4194.351181,-0.05645889230065758,0.26131098672965125
733,2.226194428319969,0.425,24.35108333693114,4200.402129,-0.05788211223523756,0.26869692228174075
734,2.2261675556719953,0.422,24.34289449003328,4205.967259,-0.05917613146146501,0.27544675837379745
735,2.2261386496057436,0.421,24.334708855682194,4212.024547,-0.06056136385646618,0.2827087104597231
736,2.2261124900412894,0.419,24.32717830054977,4217.580733,-0.06181625521570459,0.2893198129964296
737,2.226077639903731,0.418,24.31622961847808,4225.166813,-0.06349777382596906,0.2982268959381012
738,2.2260506378521656,0.416,24.30899882156831,4231.218639,-0.06478720398315269,0.30509463749838184
739,2.2260260927572206,0.415,24.30141243965621,4236.774175,-0.06597009621619443,0.3114236368351123
740,2.2260016476343156,0.413,24.294512208518064,4242.327398,-0.06714114647070824,0.31771634130584114
741,2.225977597336568,0.411,24.286833507381928,4247.889415,-0.06830274447229748,0.3239848708410072
742,2.2259510340546083,0.41,24.279092599550136,4253.945529,-0.06957778677963437,0.3308961345511812
743,2.225926397650447,0.41,24.271907190678824,4259.501153,-0.0707603707538769,0.33733481535620796
744,2.225900726154435,0.408,24.264854247952677,4265.054535,-0.07198798173444358,0.34404776077411087
745,2.2258745756127305,0.407,24.257576298408377,4270.614478,-0.07323946435321015,0.35092178532215357
746,2.225848086133654,0.405,24.25069058427469,4276.168041,-0.07450195698716441,0.35788754563830666
747,2.2258206981803146,0.404,24.243417589725937,4281.722781,-0.0758088764846657,0.36513152266784543
748,2.2257846700176334,0.403,24.2332915867513,4289.455383,-0.07753398666942628,0.3747450209259835
749,2.225758241728068,0.401,24.22625173061038,4295.36295,-0.07879527020534557,0.3818109253248831
750,2.2257327927340596,0.4,24.21966821818868,4300.919446,-0.0800077121478373,0.38863282376230773
751,2.2257041273797293,0.399,24.212957130055774,4306.47667,-0.08136587516753363,0.39630912252862927
752,2.2256779431726676,0.397,24.205632524973293,4312.035399,-0.0826191380684415,0.40342487765265933
753,2.2256499639742713,0.395,24.198537253607444,4318.090842,-0.08395051771947136,0.41101819488914454
754,2.2256237692039167,0.395,24.191865376607844,4323.644962,-0.0851972675090587,0.41816064504311046
755,2.2255987336148717,0.394,24.18500141313892,4329.202497,-0.08639398843972422,0.42504543817484364
756,2.2255751814967355,0.393,24.17859278154789,4334.760264,-0.08751925725806699,0.43154504637462676
757,2.225552095480053,0.391,24.17134500008205,4340.314965,-0.08863246888244891,0.43799970822558365
758,2.225529024263484,0.391,24.16435846758088,4345.899174,-0.08974221772491633,0.44445875301336957
759,2.2254965601021466,0.389,24.154529559438583,4354.078155,-0.09130370595048744,0.45358842733293003
760,2.225473668554333,0.388,24.148162658058418,4360.013295,-0.09239876178935086,0.46001985186562044
761,2.22545284105125,0.387,24.141506976242493,4365.566715,-0.09340418787219007,0.46594584220236157
762,2.2254313224372084,0.385,24.13495031458036,4371.123987,-0.09443956636027233,0.4720693676291323
763,2.225408409899184,0.383,24.128169746398022,4376.682846,-0.09553986320894907,0.4786001985084556
764,2.2253855918287453,0.382,24.12077823019777,4382.239804,-0.0966423477590203,0.48516816746529096
765,2.2253613826792766,0.381,24.11419587193498,4388.296186,-0.09779870201451245,0.4920830516724707
766,2.2253387784307592,0.38,24.10755110628472,4393.852704,-0.098883641262453,0.4985950889787331
767,2.2253173331022698,0.38,24.100908475735896,4399.411028,-0.09991650486832157,0.5048163436439946
768,2.22529647108331,0.378,24.094364670399308,4404.966655,-0.10092211331414466,0.5108938584769587
769,2.225275493345403,0.378,24.08759739683144,4410.522474,-0.10193524837842105,0.5170372505267633
770,2.225247319241719,0.376,24.078159142084957,4418.304731,-0.10329957888295672,0.5253425539512228
771,2.2252271693219083,0.374,24.071397175584096,4424.157359,-0.10427543041958938,0.5313057967672021
772,2.225208470625045,0.373,24.06499145070633,4429.717931,-0.10518235328660368,0.5368648769888806
773,2.225190023535652,0.372,24.05842684105745,4435.271825,-0.10607962991420784,0.5423809983553323
774,2.2251717090290044,0.372,24.051671335639416,4440.833792,-0.10697293880040983,0.5478887097231805
775,2.225152049634515,0.37,24.045175269853164,4446.884678,-0.10792386574833884,0.5537691961357989
776,2.225134064521348,0.369,24.038616962739383,4452.446997,-0.10880026031486019,0.5592047920872996
777,2.2251155592033607,0.368,24.031771544146668,4458.000908,-0.10970300189069679,0.5648198652545251
778,2.2250966353716883,0.366,24.02505688721845,4463.556657,-0.11062312938302449,0.5705598650774065
779,2.2250782934196964,0.365,24.019211455855253,4469.109096,-0.11150797459757403,0.5760957548353247
780,2.2250601489751762,0.365,24.01243668509248,4474.667433,-0.11239369553368644,0.5816528305702074
781,2.2250351988661206,0.363,24.00332155351532,4482.531656,-0.11360948335185474,0.589306371086079
782,2.2250179191428816,0.362,23.99680863252725,4488.307593,-0.1144535737599654,0.594637458909272
783,2.225001894451698,0.361,23.990426044760326,4493.861858,-0.11523993096472945,0.5996167749661121
784,2.2249862107597176,0.36,23.983885144817297,4499.415314,-0.11601261659921472,0.6045216066678066
785,2.224971193625486,0.359,23.977570660876133,4504.970999,-0.11675298034016689,0.6092325088802951
786,2.2249570745723193,0.358,23.970905695028215,4510.528018,-0.11745667754713422,0.6137203054271946
787,2.224943473733234,0.357,23.96475533582717,4516.083035,-0.11813169379690025,0.6180345367135527
788,2.2249295928474084,0.357,23.958318649598844,4521.643272,-0.11882225869175138,0.6224576174444121
789,2.22491481152053,0.354,23.95114780168771,4527.202849,-0.11956090827051875,0.6271992900328732
790,2.224898624919748,0.354,23.944651381971585,4533.257596,-0.12035555502442179,0.6323126778587229
791,2.2248852516000284,0.353,23.93825297730952,4538.815345,-0.12102285858293706,0.636616448494047
792,2.2248676151502913,0.35,23.92897883064033,4546.581341,-0.12191159066577077,0.6423622321563325
793,2.2248543950979602,0.35,23.922841010541088,4552.451541,-0.12256923168261645,0.6466242113982933
794,2.22484172823791,0.35,23.91648135258044,4558.006484,-0.12320433521424252,0.6507483962506065
795,2.2248291516196415,0.348,23.91028338215723,4563.561685,-0.12383367521474141,0.6548431668711697
796,2.2248167640478576,0.348,23.903863748531897,4569.117428,-0.12445682104257126,0.6589054963080089
797,2.2248041700026753,0.346,23.89786113352118,4574.67748,-0.12508485873369013,0.6630076327831709
798,2.2247919918282664,0.345,23.89119007607465,4580.232746,-0.12570118185651738,0.6670409823685785
799,2.2247802808475936,0.344,23.884202158231663,4585.793265,-0.12629981149293784,0.6709658736289401
800,2.2247673225308233,0.343,23.877854472401346,4591.847283,-0.12694773177648008,0.6752220810392293
801,2.224756242948611,0.343,23.870934865297592,4597.400349,-0.1275172512030242,0.6789702642351463
802,2.224744713228227,0.342,23.864846269627314,4602.95897,-0.12809829132379644,0.6828010133846074
803,2.2247287120683765,0.34,23.855637123817576,4610.842088,-0.12891254206535804,0.6881807664954526
804,2.224717669741707,0.339,23.849584924944157,4616.596828,-0.12947126967682268,0.6918800229340162
805,2.224707360974382,0.337,23.842356486313847,4622.158508,-0.1300092876659386,0.6954481224634415
806,2.224695422561045,0.336,23.835926278468428,4628.214192,-0.13061212815164974,0.699453067330767
807,2.224684718985198,0.335,23.82959354523997,4633.768486,-0.13115849763121357,0.70308919335228
808,2.2246743938204956,0.335,23.8231673492091,4639.330203,-0.13168882836549964,0.706624351056248
809,2.224664104362007,0.334,23.816743172975603,4644.88257,-0.13221751146303384,0.7101541853103813
810,2.224653340510293,0.333,23.810098502008884,4650.441157,-0.1327697576290001,0.713847377742137
811,2.2246441001331103,0.332,23.80374198826595,4655.995841,-0.13325059531575068,0.7170680438713375
812,2.224635445806103,0.33,23.79738745231539,4661.552659,-0.13370508086855745,0.7201165027591853
813,2.224627244103473,0.329,23.79043150316052,4667.108436,-0.13414546603550045,0.7230743708250542
814,2.224615904194733,0.328,23.7812558179055,4674.939297,-0.13474972696141513,0.7271393067221739
815,2.224607698589018,0.327,23.775035209019823,4680.744679,-0.13518259852641634,0.7300558303834084
816,2.224600103660284,0.327,23.76868960376513,4686.29667,-0.1355893297578831,0.7327996880993156
817,2.224592758887876,0.326,23.76282167620733,4691.853848,-0.13597985847779928,0.7354373948299906
818,2.2245857233574093,0.324,23.755845797701863,4697.413559,-0.13636796229336304,0.738061784170069
819,2.22457864276404,0.323,23.749886483612634,4702.965681,-0.13674753509490148,0.7406314381236934
820,2.224571576082771,0.322,23.743295229928968,4708.521118,-0.1371330046080677,0.7432440001139754
821,2.2245645912252616,0.321,23.736484395800808,4714.08031,-0.13751704836007791,0.745849893878106
822,2.2245575399904176,0.32,23.72986581382221,4719.634622,-0.1379020568625326,0.7484653351687032
823,2.224550725041482,0.32,23.723375992524844,4725.192964,-0.13827510199535056,0.7510023738199775
824,2.2245440848839584,0.319,23.716983167407257,4730.745328,-0.1386392740605991,0.75348179005512
825,2.224535025301924,0.317,23.70742932133857,4738.673948,-0.13914469197152832,0.7569273170094791
826,2.2245287813185115,0.316,23.70097826795065,4744.385517,-0.1394916229203713,0.7592954088066606
827,2.2245228527594154,0.316,23.69512981664378,4749.939158,-0.13981814940449758,0.761526454290943
828,2.2245172115531817,0.314,23.688398277065847,4755.494667,-0.1401408709970141,0.7637336284047573
829,2.2245115259926203,0.315,23.681858493442263,4761.058029,-0.14046357973094442,0.7659428284891324
830,2.22450529676311,0.312,23.675131347055924,4767.116667,-0.1408126020549376,0.7683345460239004
831,2.2244997758553224,0.312,23.668343293155004,4772.674649,-0.14113042969750925,0.770514649959992
832,2.224493898665961,0.312,23.661589063633475,4778.731846,-0.14146387632014862,0.7728040956627602
833,2.224488596275246,0.31,23.655373370442756,4784.283011,-0.1417659463494888,0.7748800591185928
834,2.224483483569907,0.309,23.64887574649832,4789.845054,-0.14206238281293188,0.7769191081797059
835,2.22447846506545,0.308,23.642790053653968,4795.399001,-0.1423503260255831,0.7789014454489556
836,2.2244715588346593,0.306,23.633523126864567,4803.265509,-0.14275572497326924,0.7816952593479093
837,2.224466653163468,0.306,23.626969490084456,4809.032219,-0.14304336342988594,0.7836795504456447
838,2.2244619249901545,0.305,23.620197523777914,4814.597721,-0.14332525455523484,0.7856258249006809
839,2.224457126500268,0.304,23.61427784386809,4820.65322,-0.14360151615204533,0.787534798482268
840,2.224452637026811,0.303,23.60782484383028,4826.207188,-0.1438693660744044,0.7893871288093297
841,2.2244483477228028,0.302,23.60168853099085,4831.764545,-0.14412495399161754,0.7911560208197356
842,2.224444006011978,0.301,23.59527099266016,4837.321311,-0.14438576084092736,0.7929624019083934
843,2.2244398552963034,0.3,23.58885548743889,4842.873325,-0.14463794978577116,0.7947104100015983
844,2.22443572806617,0.299,23.58266205107176,4848.430768,-0.14488678263416063,0.7964364238811928
845,2.224431337665166,0.298,23.5763762364695,4853.98633,-0.1451483551612577,0.7982521638612233
846,2.2244270246107507,0.297,23.569401268136144,4859.585354,-0.14541349965196676,0.8000941199102598
847,2.2244210673305336,0.297,23.56048184053038,4867.963039,-0.14577235480161174,0.8025893614146486
848,2.224416958424888,0.296,23.554108744339484,4873.685238,-0.14602210656000558,0.8043275169011074
849,2.224412789123559,0.294,23.54792593574045,4879.243084,-0.14627259777574014,0.8060720940343771
850,2.2244089224322474,0.293,23.54124309747448,4884.805063,-0.14651460252032997,0.8077587793125042
851,2.2244049884065644,0.292,23.53490742358868,4890.855248,-0.14675605186179475,0.809442781992706
852,2.2244015985570744,0.291,23.528134841402576,4896.422541,-0.1469775203884766,0.8109884711383394
853,2.2243978218383624,0.29,23.5217092591874,4902.474491,-0.14721278097079177,0.8126315129384932
854,2.224394390165222,0.29,23.515348380120187,4908.030405,-0.14743186782548345,0.8141626123911607
855,2.2243911165300716,0.29,23.509083463877825,4913.586244,-0.14764285693615192,0.8156380445557867
856,2.224387608551057,0.288,23.50269525244944,4919.144138,-0.14786560321512118,0.8171966778887918
857,2.224384226896992,0.287,23.49608996520693,4924.699135,-0.1480848727387395,0.8187319705011815
858,2.2243795887725577,0.286,23.487421852003923,4932.667066,-0.1483815778655521,0.8208110154658464
859,2.2243765555146644,0.286,23.481196878824974,4938.338344,-0.14858127061727983,0.82221129427569
860,2.2243737536392514,0.285,23.475005094378005,4943.896601,-0.1487702163994854,0.8235369618705134
861,2.2243708874894232,0.283,23.46875269753619,4949.446897,-0.14896264399103765,0.8248878062198775
862,2.224368035564974,0.283,23.462720973830063,4955.00255,-0.14915216160360367,0.8262189602777454
863,2.224365122057934,0.282,23.45647238812189,4960.562116,-0.1493466331009283,0.82758567117112
864,2.224362393368093,0.281,23.450007143366072,4966.118849,-0.14953499338231505,0.8289101686687369
865,2.224359430152808,0.28,23.44357519242144,4971.674375,-0.14973351891459982,0.8303069284939261
866,2.2243566375551174,0.279,23.4369892565888,4977.234638,-0.1499259297908617,0.8316614346161791
867,2.224353630965682,0.279,23.430592662654465,4983.288651,-0.15012599561870227,0.8330706296779535
868,2.224350855743993,0.278,23.42426047840108,4988.84547,-0.15031499735592063,0.8344026430241501
869,2.2243471307293237,0.277,23.41490622003272,4996.795637,-0.15057734024481156,0.8362527450037834
870,2.2243443642475063,0.275,23.40907760051229,5002.484772,-0.15076077594289344,0.8375472095774628
871,2.2243417454282732,0.275,23.40284565311776,5008.04045,-0.15094166210088764,0.8388243549222141
872,2.224339275633397,0.275,23.39642876760756,5013.597962,-0.15111771528597592,0.8400680182371381
873,2.2243366281474577,0.274,23.389982796431067,5019.147323,-0.1513020171401968,0.8413706289188606
874,2.224334046165378,0.272,23.38409915110664,5024.710787,-0.15147764788783546,0.8426125989365751
875,2.224331496335894,0.272,23.377470442241037,5030.264219,-0.15165937560775547,0.8438983463546263
876,2.2243289940944706,0.27,23.37143493113165,5035.822276,-0.15183292598366513,0.8451268672994882
877,2.224326308475541,0.27,23.36487259545501,5041.371507,-0.15202002922040275,0.8464520144308414
878,2.2243238055826526,0.269,23.358654353306324,5046.932524,-0.15219541837842618,0.8476948463268061
879,2.2243212605486655,0.268,23.352189426090177,5052.486132,-0.15237517700732597,0.8489692926537769
880,2.2243176593063,0.267,23.343117179019888,5060.48183,-0.15262873052810122,0.8507680491368024
881,2.2243152335768563,0.267,23.336719364726072,5066.12537,-0.1528023980935517,0.852000837198116
882,2.224312868431211,0.267,23.33050984843848,5071.681491,-0.1529714176719638,0.8532012227813098
883,2.224310508266786,0.265,23.324240190242577,5077.23852,-0.15314080051099396,0.854404773664073
884,2.22430815846926,0.264,23.318251706347247,5082.789075,-0.15330685249049072,0.8555852260100256
885,2.2243058717658957,0.263,23.311582705840383,5088.349726,-0.15347693193032405,0.8567948932658077
886,2.2243033880474146,0.263,23.305567002548607,5093.906006,-0.15364922816957055,0.8580209298282238
887,2.2243008918772826,0.262,23.299243161615745,5099.45747,-0.153825176101254,0.8592735773282091
888,2.2242985741221633,0.261,23.293045257568707,5105.018589,-0.1539918210079169,0.8604605759930717
889,2.2242961457359565,0.26,23.286539524846724,5110.575164,-0.15416651823033264,0.8617055400029665
890,2.224293857919454,0.26,23.28022169646708,5116.128653,-0.15433298550790436,0.8628924344228728
891,2.2242906112237963,0.259,23.271460563361387,5124.201661,-0.15456712067449752,0.8645627524650722
892,2.224287454416855,0.257,23.26227014652566,5131.982034,-0.15480150604359888,0.8662359778801725
893,2.2242842830735716,0.256,23.253516880559012,5140.149278,-0.1550320916398587,0.8678831735524081
894,2.224281204329044,0.255,23.244705630397,5148.146504,-0.15525906186063645,0.8695056044041388
895,2.224278020003116,0.254,23.23537303968012,5156.28228,-0.1554959765267698,0.8712002439523506
896,2.2242743410265517,0.252,23.226631558915614,5164.314975,-0.1557490989972999,0.8730120855924471
897,2.2242683552832223,0.252,23.21740002056416,5172.397648,-0.15611065444542496,0.8756023595761748
898,2.2242634917393254,0.251,23.207895077225157,5180.477644,-0.1564245365989865,0.8778532587467686
899,2.224258059054909,0.25,23.19898059826762,5188.572142,-0.1567579838887726,0.8802466709567219
900,2.22425166758728,0.249,23.190347535774613,5196.653824,-0.15713159889310088,0.8829311014161207
901,2.224246424336945,0.247,23.181779838926985,5204.755125,-0.15745297452105422,0.8852424768918192
902,2.224242022901949,0.246,23.173801020624857,5212.817512,-0.1577306135444183,0.8872409953446152
903,2.2242380997975335,0.245,23.165517525074463,5220.910848,-0.1579898009086533,0.8891081183492193
904,2.2242347218328833,0.245,23.158037628743564,5228.979637,-0.15821642463785748,0.890741788068676
905,2.2242317445340904,0.244,23.150499016538312,5237.065614,-0.1584256203123866,0.8922507572118109
906,2.2242290379120453,0.243,23.14317852933557,5245.220235,-0.15862044949076673,0.8936569041582758
907,2.224226412000957,0.242,23.136629286403643,5253.235743,-0.15880390432975108,0.8949816695005709
908,2.2242242250187223,0.241,23.129959272167472,5261.331299,-0.15896884131766717,0.89617330220501
909,2.2242223379931043,0.24,23.12399811350214,5269.404044,-0.15911319714851543,0.8972166980446381
910,2.2242207553108515,0.239,23.11782374828083,5277.544885,-0.15924600424382448,0.8981769973720942
911,2.224219416072469,0.238,23.112234685508103,5285.585012,-0.15936201043309534,0.8990161087107386
912,2.224218303608025,0.238,23.106677892195695,5293.656657,-0.15946749730162685,0.899779369699107
913,2.224217357517891,0.237,23.101613662491516,5301.731022,-0.15956057693019543,0.900453046220383
914,2.2242167362730325,0.237,23.09661208632876,5309.830715,-0.15963843480852014,0.9010166896221301
915,2.2242161570449475,0.237,23.091949175860982,5317.901786,-0.15971101048196643,0.9015422049725677
916,2.2242156671892,0.237,23.087502026187643,5325.984833,-0.15977740806584062,0.9020230797726355
917,2.2242154081806507,0.236,23.08345445359605,5334.070033,-0.15982944373145982,0.9024000036351943
918,2.224215157057717,0.235,23.07992883272225,5342.158232,-0.15987590707510158,0.9027366109098387
919,2.2242151457128694,0.235,23.075913454528465,5350.244242,-0.15991648743651796,0.9030306346674717
920,2.224215163319761,0.235,23.07235853147217,5358.310458,-0.15995116569937623,0.9032819217000214
921,2.2242150540579337,0.234,23.069079986723725,5366.402402,-0.15998877510043594,0.9035544763291767
922,2.2242151785099815,0.234,23.06580198442503,5374.482637,-0.1600158822533744,0.9037509393419332
923,2.224215202468057,0.233,23.062830806111904,5382.610336,-0.16004443507432897,0.9039578963317606
924,2.224215361375395,0.233,23.05986007339853,5390.645409,-0.1600669210053734,0.9041208909611445
925,2.224215673353224,0.233,23.05731845997025,5398.818445,-0.16007825365972592,0.9042030423349442
926,2.2242159141208084,0.233,23.05477717264623,5406.826305,-0.16009277595997276,0.9043083195712333
927,2.22421615494157,0.232,23.052236211481205,5414.899596,-0.16010728905526,0.9044135343967792
928,2.224216590946477,0.232,23.050185311943046,5422.983391,-0.1601081542811202,0.9044198071156907
929,2.224216903913367,0.232,23.047950991620784,5431.238798,-0.160116367476812,0.9044793519485179
930,2.2242174008742035,0.231,23.04614535529863,5439.156298,-0.1601120484312928,0.9044480391357014
931,2.2242178757873794,0.231,23.044554083617165,5447.234902,-0.16010658199238859,0.9044084083401157
932,2.2242182979639553,0.231,23.042871146977262,5455.314752,-0.1601043943689849,0.9043925485968243
933,2.2242187933551545,0.231,23.041280138460788,5463.495179,-0.1600980032305178,0.904346214942755
934,2.2242192477015306,0.231,23.0399034074218,5471.480255,-0.1600913192561585,0.9042977592204561
935,2.2242196361060826,0.23,23.038771500291585,5479.572567,-0.1600851563263052,0.9042530816413348
936,2.2242201649103395,0.23,23.03751730046023,5487.658937,-0.16007390816678493,0.9041715411763742
937,2.224220644813187,0.23,23.03626318012486,5495.754362,-0.1600648534186896,0.9041059031336701
938,2.2242211639090668,0.23,23.034947968594395,5503.819267,-0.16005464672932648,0.9040319166616602
939,2.2242217446687214,0.23,23.03406101483312,5511.964251,-0.1600374078207468,0.9039069597353769
940,2.2242222188990026,0.23,23.0331435182496,5519.95888,-0.16002525437241974,0.9038188686348236
941,2.224222696276419,0.23,23.03204257858342,5528.069324,-0.16001478520835982,0.9037429880570109
942,2.224223117273115,0.23,23.031216914016703,5536.160912,-0.16000410621327713,0.9036655889371579
943,2.2242237128070803,0.23,23.030268971271237,5544.248324,-0.15998680933841186,0.9035402297702588
944,2.22422423242802,0.23,23.029229344370503,5552.355082,-0.15997383201326806,0.9034461805832619
945,2.2242246697097805,0.23,23.0281897721032,5560.409948,-0.15996454955692654,0.903378910943351
946,2.224225116087773,0.23,23.027547710618407,5568.499672,-0.15995090237964002,0.9032800135290079
947,2.224225690318821,0.23,23.02705853494138,5576.584842,-0.15992999455590315,0.9031285075720791
948,2.2242262247641538,0.23,23.02656937134922,5584.739753,-0.15991087236575885,0.9029899488332013
949,2.224226738533925,0.23,23.026447082352824,5592.746495,-0.15988902739435557,0.9028316700860267
950,2.2242272117743633,0.23,23.025805077452176,5600.82196,-0.15987417325505013,0.9027240493220114
951,2.2242277504930645,0.23,23.025499368169346,5608.914856,-0.15985303346445273,0.9025708957443075
952,2.2242282648973006,0.23,23.02491853353237,5617.078715,-0.15983572259931858,0.9024454887915533
953,2.2242286752319704,0.23,23.024093166320053,5625.085133,-0.15982551601877637,0.9023715510463031
954,2.224229053543639,0.229,23.023695779537835,5633.168967,-0.15981248836858614,0.9022771802219761
955,2.2242294905869606,0.23,23.02308443091957,5641.230873,-0.15979895306126538,0.9021791356715075
956,2.2242298663900253,0.229,23.02271763079549,5649.332427,-0.159785733493119,0.9020833818386604
957,2.2242303723103647,0.229,23.02204518158498,5657.408607,-0.15976971400374407,0.9019673520233173
958,2.2242307805047576,0.23,23.02143388398187,5665.497107,-0.15975747259512316,0.9018786905464617
959,2.22423115260287,0.23,23.021097678346,5673.651882,-0.15974411464806543,0.9017819457639054
960,2.2242314660743467,0.23,23.020792041807383,5681.652149,-0.1597330841473004,0.9017020602420577
961,2.224231884201671,0.229,23.0201196580824,5689.810376,-0.159721004111391,0.9016145765969412
962,2.224232273796964,0.229,23.019905722608197,5697.853099,-0.15970564425334147,0.9015033447923002
963,2.2242326041717737,0.229,23.01956954294424,5705.942079,-0.15969415862457462,0.9014201722345153
964,2.2242330887959847,0.229,23.018897200791766,5713.996503,-0.15967909284560225,0.9013110783124793
965,2.2242334883935775,0.229,23.01874439893723,5722.064227,-0.15966267578750454,0.9011922048401985
