folder,date,calibration_date,liquid,solid,rate
05192025_LtoS_pressure_15m0,2025-05-19,2025-05-17,1.0820032325283409,8.860262383529816,0.181980100733516
05192025_LtoS_pressure_15m1,2025-05-19,2025-05-17,0.951489092313539,8.96884596371689,0.1948422514659852
05192025_LtoS_pressure_15m2,2025-05-19,2025-05-17,1.2175420426044528,9.513838452256339,0.1853859985249356
05192025_LtoS_pressure_15m3,2025-05-19,2025-05-17,1.510093800934259,8.439287705009269,0.1748727339048708
05192025_LtoS_pressure_15m4,2025-05-19,2025-05-17,1.6633742576548531,8.549082570601476,0.1816745250608068
06082025_LtoS_ratescan_81m0,2025-06-08,2025-05-17,3.4396651052106098,14.007036584994177,0.0782115971840444
06082025_LtoS_ratescan_81m1,2025-06-08,2025-05-17,3.2924641925737976,0.07724534590566201,0.0675209223157066
06082025_LtoS_ratescan_81m2,2025-06-08,2025-05-17,3.1481610726329636,0.0970369815384417,0.065588488077135
06082025_LtoS_ratescan_81m3,2025-06-08,2025-05-17,3.0067369334861853,13.853535674113036,0.059585024986924
06082025_LtoS_ratescan_81m4,2025-06-08,2025-05-17,2.6712237146801425,0.07703847483443724,0.0536603224995374
07102025_LtoS_ratescan_1010,2025-07-10,2025-07-10,3.5831407866862923,0.0328575341017767,0.0608573553316339
07102025_LtoS_ratescan_1011,2025-07-10,2025-07-10,3.28604124645624,0.033099971600686035,0.0603236442127938
07102025_LtoS_ratescan_1012,2025-07-10,2025-07-10,3.1423874154081175,0.03322812635946703,0.0597084901832342
07102025_LtoS_ratescan_1013,2025-07-10,2025-07-10,2.346438826855379,0.033352082023312545,0.0579976213491416
07102025_LtoS_ratescan_1014,2025-07-10,2025-07-10,3.215665908195321,0.033570697101590614,0.0576023619139373
07102025_LtoS_ratescan_1210,2025-07-10,2025-07-10,2.9988398652474246,0.0540370421870958,0.0496908970338936
07102025_LtoS_ratescan_1211,2025-07-10,2025-07-10,2.1619088652069194,0.03484773429749927,0.049619201368076
07102025_LtoS_ratescan_1212,2025-07-10,2025-07-10,2.6624636225794993,13.664169555190853,0.0497065912494356
07102025_LtoS_ratescan_1213,2025-07-10,2025-07-10,1.4038989506191386,0.03296761567759162,0.0488125712390255
07102025_LtoS_ratescan_1214,2025-07-10,2025-07-10,2.0457374736354863,0.03302613370954548,0.0476842264433807
07102025_LtoS_ratescan_1410,2025-07-10,2025-07-10,2.535507308930554,0.05322259748142953,0.0426812235333421
07102025_LtoS_ratescan_1411,2025-07-10,2025-07-10,1.9340512366331912,0.03417470081869882,0.0420437318248983
07102025_LtoS_ratescan_1412,2025-07-10,2025-07-10,1.8228882368799488,0.03414131200043882,0.0420907130272948
07102025_LtoS_ratescan_1413,2025-07-10,2025-07-10,1.7149615658563266,0.03419556809724211,0.0416913184834354
07102025_LtoS_ratescan_1414,2025-07-10,2025-07-10,1.768986493095756,0.034565520989098035,0.0405104674545929
07102025_LtoS_ratescan_1610,2025-07-10,2025-07-10,2.532691358234065,0.03346209349336231,0.0373677740843557
07102025_LtoS_ratescan_1611,2025-07-10,2025-07-10,1.8799420386746108,0.03471567687357424,0.0369707469310904
07102025_LtoS_ratescan_1612,2025-07-10,2025-07-10,1.820404151803022,0.033519181902863696,0.0358797387460771
07102025_LtoS_ratescan_1613,2025-07-10,2025-07-10,1.8200153167191324,0.03333537005591872,0.0349712842945208
07102025_LtoS_ratescan_1614,2025-07-10,2025-07-10,1.8762061944338537,0.033661188485385615,0.0358992724892816
07102025_LtoS_ratescan_210,2025-07-10,2025-07-10,2.8738936664991916,1.4855330379076943,0.3155659269737666
07102025_LtoS_ratescan_211,2025-07-10,2025-07-10,3.2240892243798793,0.03414826812290257,0.3143768507145214
07102025_LtoS_ratescan_212,2025-07-10,2025-07-10,3.519315817921314,0.034021656898264176,0.31418158323642
07102025_LtoS_ratescan_213,2025-07-10,2025-07-10,3.7493094870268635,2.7104970734635434,0.3139129037531228
07102025_LtoS_ratescan_214,2025-07-10,2025-07-10,3.7516354341141063,0.03422339026157896,0.3111640044102018
07102025_LtoS_ratescan_410,2025-07-10,2025-07-10,2.7295427958668914,2.6591479751487666,0.1534817604255135
07102025_LtoS_ratescan_411,2025-07-10,2025-07-10,2.407386034779473,2.607869073682834,0.1535622959540255
07102025_LtoS_ratescan_412,2025-07-10,2025-07-10,2.5350399304971263,2.659788547924077,0.1526362950176237
07102025_LtoS_ratescan_413,2025-07-10,2025-07-10,2.5992179538981426,2.608474312582443,0.1519754763555915
07102025_LtoS_ratescan_414,2025-07-10,2025-07-10,3.7406039614766895,2.361488481549752,0.1519358554195925
07102025_LtoS_ratescan_610,2025-07-10,2025-07-10,3.7324902517084455,3.969718425067104,0.1010413862547359
07102025_LtoS_ratescan_611,2025-07-10,2025-07-10,3.4285284806618312,3.8451974956737005,0.1007652990362507
07102025_LtoS_ratescan_612,2025-07-10,2025-07-10,3.354910734229028,4.2270479606645255,0.1003336105344923
07102025_LtoS_ratescan_613,2025-07-10,2025-07-10,3.3548520756491733,2.3134158571538395,0.1001068772897035
07102025_LtoS_ratescan_614,2025-07-10,2025-07-10,3.502846770450909,3.195706547739141,0.0999146235766366
07102025_LtoS_ratescan_810,2025-07-10,2025-07-10,3.9815162597908884,2.0325533663363715,0.0758252698541569
07102025_LtoS_ratescan_811,2025-07-10,2025-07-10,3.983000520597689,2.2641227596765177,0.0754916914118998
07102025_LtoS_ratescan_812,2025-07-10,2025-07-10,3.6654758013034296,0.033535889909510175,0.0745585277952696
07102025_LtoS_ratescan_813,2025-07-10,2025-07-10,3.901941992934631,2.124133079020608,0.0736690922681685
07102025_LtoS_ratescan_814,2025-07-10,2025-07-10,3.9024353924982123,11.294813465835167,0.0724758806372513
07172025_LtoS_ratescan_611,2025-07-17,2025-07-10,0.09409033778658267,1.3729349690978148,0.1062822076455515
07172025_LtoS_ratescan_612,2025-07-17,2025-07-10,0.09390627620798789,1.0058177323919721,0.1060073921053315
07172025_LtoS_ratescan_613,2025-07-17,2025-07-10,0.09403804997395335,1.151763247193538,0.1057937776019306
07172025_LtoS_ratescan_614,2025-07-17,2025-07-10,0.09390627620798789,1.297307763300671,0.1062877112308245
07172025_LtoS_ratescan_615,2025-07-17,2025-07-10,0.09398576024851713,1.334854787731556,0.1048070358181106
07222025_LtoS_ratescan_1010,2025-07-22,2025-07-10,0.1928453531901253,0.15493369425575676,0.0624659246367624
07222025_LtoS_ratescan_1011,2025-07-22,2025-07-10,0.1927615091420729,0.15481655814749196,0.0615491263511525
07222025_LtoS_ratescan_1012,2025-07-22,2025-07-10,0.19313083953922705,0.15514918013535406,0.0607861669702703
07222025_LtoS_ratescan_1013,2025-07-22,2025-07-10,0.19372655311039894,0.1555799786613293,0.0624070323379452
07222025_LtoS_ratescan_1014,2025-07-22,2025-07-10,0.19366993696439638,0.15552067953456702,0.0604136998175589
07222025_LtoS_ratescan_1210,2025-07-22,2025-07-10,0.19332792800864154,0.15555969261146402,0.0535774410334571
07222025_LtoS_ratescan_1211,2025-07-22,2025-07-10,0.19344345007017116,0.15571572596548866,0.0514516139948317
07222025_LtoS_ratescan_1212,2025-07-22,2025-07-10,0.19400960035952833,0.13877538269578688,0.049865974389474
07222025_LtoS_ratescan_1213,2025-07-22,2025-07-10,0.1939258241888092,0.13900749483317953,0.0519414770955083
07222025_LtoS_ratescan_1214,2025-07-22,2025-07-10,0.19406620311252626,0.13904591747886325,0.0508195134859734
07222025_LtoS_ratescan_1410,2025-07-22,2025-07-10,0.1949172391385595,0.13777391427440494,0.0437190596072564
07222025_LtoS_ratescan_1411,2025-07-22,2025-07-10,0.19505978350681957,0.13798631192412764,0.0436121823215121
07222025_LtoS_ratescan_1412,2025-07-22,2025-07-10,0.19531542276086705,0.1378308670034553,0.0432533139651712
07222025_LtoS_ratescan_1413,2025-07-22,2025-07-10,0.19554161408898127,0.13846784544958296,0.0451612979939525
07222025_LtoS_ratescan_1414,2025-07-22,2025-07-10,0.19565469633330873,0.138217114987843,0.0436546716083509
07222025_LtoS_ratescan_1610,2025-07-22,2025-07-10,0.19494665421756063,0.13825557568878927,0.0391425795275677
07222025_LtoS_ratescan_1611,2025-07-22,2025-07-10,0.19539911772121624,0.13860317643079859,0.0391168997215548
07222025_LtoS_ratescan_1612,2025-07-22,2025-07-10,0.19528601525903655,0.13858318579875717,0.0364932960483762
07222025_LtoS_ratescan_1613,2025-07-22,2025-07-10,0.1932146620753452,0.13877538269578688,0.0369103441097416
07222025_LtoS_ratescan_1614,2025-07-22,2025-07-10,0.19545792746832427,0.13866007010988304,0.0373783344899669
07222025_LtoS_ratescan_210,2025-07-22,2025-07-10,0.20035322909742365,0.15120512505426606,0.3451114530985919
07222025_LtoS_ratescan_211,2025-07-22,2025-07-10,0.20128611242996372,0.15171643138806798,0.3415562374458878
07222025_LtoS_ratescan_212,2025-07-22,2025-07-10,0.20151135400178546,0.15177601057138196,0.3428120014194485
07222025_LtoS_ratescan_213,2025-07-22,2025-07-10,0.2247848330283799,0.15179482414185944,0.3431933330409485
07222025_LtoS_ratescan_214,2025-07-22,2025-07-10,0.20193471058528795,0.15216786986561984,0.3380374843256374
07222025_LtoS_ratescan_410,2025-07-22,2025-07-10,0.19961820566707436,0.15640035357423776,0.1630431636138648
07222025_LtoS_ratescan_411,2025-07-22,2025-07-10,0.1994490510976456,0.1563816471516789,0.163937743955958
07222025_LtoS_ratescan_412,2025-07-22,2025-07-10,0.21165766841870864,0.15679152946930439,0.1632870796856662
07222025_LtoS_ratescan_413,2025-07-22,2025-07-10,0.21171546474691486,0.15679152946930439,0.1608380649716733
07222025_LtoS_ratescan_414,2025-07-22,2025-07-10,0.2121500197540417,0.15708439658236245,0.1615299198803408
07222025_LtoS_ratescan_610,2025-07-22,2025-07-10,0.21417776736764593,0.15747523816800413,0.1080907492796654
07222025_LtoS_ratescan_611,2025-07-22,2025-07-10,0.21406236799540287,0.1573382318043913,0.1060203022076409
07222025_LtoS_ratescan_612,2025-07-22,2025-07-10,0.2141200688291302,0.15755307222328682,0.1047959364859395
07222025_LtoS_ratescan_613,2025-07-22,2025-07-10,0.2140046648666668,0.1576106645397603,0.1053241015190477
07222025_LtoS_ratescan_614,2025-07-22,2025-07-10,0.21452391035428098,0.15766980908197298,0.1040467125590928
07222025_LtoS_ratescan_810,2025-07-22,2025-07-10,0.19202256411927532,0.15391482080733357,0.0808676591499874
07222025_LtoS_ratescan_811,2025-07-22,2025-07-10,0.2151905792691491,0.15413057943935018,0.0785333265899785
07222025_LtoS_ratescan_812,2025-07-22,2025-07-10,0.19236261655210862,0.15411025681244275,0.0777009405953503
07222025_LtoS_ratescan_813,2025-07-22,2025-07-10,0.19250541465847232,0.15440566611579065,0.0774760709893994
07222025_LtoS_ratescan_814,2025-07-22,2025-07-10,0.1928453531901253,0.15440566611579065,0.0770398490491399
07282025_LtoS_ratescan_210,2025-07-28,2025-07-10,0.20266852680585765,0.1527177208552095,0.3452000025552165
07282025_LtoS_ratescan_211,2025-07-28,2025-07-10,0.2033457282687524,0.1530715584558445,0.344238211310897
07282025_LtoS_ratescan_212,2025-07-28,2025-07-10,0.20303529112100369,0.1527975826831667,0.3408097757129634
07282025_LtoS_ratescan_213,2025-07-28,2025-07-10,0.20312078067484607,0.15273807854105587,0.3429880542891684
07282025_LtoS_ratescan_214,2025-07-28,2025-07-10,0.20379776367956198,0.15352224229985284,0.3370187756501911
07282025_LtoS_ratescan_410,2025-07-28,2025-07-10,0.18974668820057333,0.14048926532226688,0.1634847127256927
07282025_LtoS_ratescan_411,2025-07-28,2025-07-10,0.18986022637079986,0.14039261216304402,0.1626337203072128
07282025_LtoS_ratescan_412,2025-07-28,2025-07-10,0.19011678990920172,0.1407592181623259,0.1606516067126505
07282025_LtoS_ratescan_413,2025-07-28,2025-07-10,0.19003051697025378,0.14068100264006536,0.16066002573425
07282025_LtoS_ratescan_414,2025-07-28,2025-07-10,0.19091343667944732,0.1411241220010694,0.1619345250668732
07282025_LtoS_ratescan_610,2025-07-28,2025-07-10,0.19230594671615062,0.13632410595258423,0.1066998326267003
07282025_LtoS_ratescan_611,2025-07-28,2025-07-10,0.19270485499279744,0.13630560050990229,0.1071227191033409
07282025_LtoS_ratescan_612,2025-07-28,2025-07-10,0.19270485499279744,0.13630560050990229,0.1058008288571756
07282025_LtoS_ratescan_613,2025-07-28,2025-07-10,0.19324411207606487,0.13676965001494706,0.104955017329213
07282025_LtoS_ratescan_614,2025-07-28,2025-07-10,0.19301755808236945,0.13690526832864341,0.1048530818918341
08062025_LtoS_ratescan_1010,2025-08-06,2025-08-01,0.02986367785499208,0.021089933190825454,0.0618817685608027
08062025_LtoS_ratescan_1011,2025-08-06,2025-08-01,0.033817399189361386,0.030821924711742672,0.0616054144252923
08062025_LtoS_ratescan_1012,2025-08-06,2025-08-01,0.04497211322666407,0.031143477419359928,0.0618686972484782
08062025_LtoS_ratescan_1013,2025-08-06,2025-08-01,0.04527274949252365,0.031182719808861687,0.0605522925087342
08062025_LtoS_ratescan_1014,2025-08-06,2025-08-01,0.045000436343948944,0.031163098836358524,0.0608744481684014
08062025_LtoS_ratescan_1210,2025-08-06,2025-08-01,0.03032109896400929,0.031692708999389786,0.0532008396550596
08062025_LtoS_ratescan_1211,2025-08-06,2025-08-01,0.033495961649219565,0.03135174362208251,0.0521488491256704
08062025_LtoS_ratescan_1212,2025-08-06,2025-08-01,0.033549538918731,0.020118666947923212,0.0514392289019094
08062025_LtoS_ratescan_1213,2025-08-06,2025-08-01,0.03040269146321004,0.020193189310844423,0.0522852215260064
08062025_LtoS_ratescan_1214,2025-08-06,2025-08-01,0.030806301036915278,0.02066104262330102,0.047194806364807
08062025_LtoS_ratescan_1410,2025-08-06,2025-08-01,0.03298367525306099,0.0205850709794185,0.0459689349331799
08062025_LtoS_ratescan_1411,2025-08-06,2025-08-01,0.03311872849572336,0.020772753455682056,0.0456160632420355
08062025_LtoS_ratescan_1412,2025-08-06,2025-08-01,0.030563717610908137,0.020790625843823976,0.0440242534066966
08062025_LtoS_ratescan_1413,2025-08-06,2025-08-01,0.03309300491782089,0.020324333041856036,0.0443388787223043
08062025_LtoS_ratescan_1414,2025-08-06,2025-08-01,0.03298367525306099,0.020324333041856036,0.0439860136507705
08062025_LtoS_ratescan_1610,2025-08-06,2025-08-01,0.0325805937269984,0.020267705239879613,0.0375066122081838
08062025_LtoS_ratescan_1611,2025-08-06,2025-08-01,0.031962917032173646,0.019987491956271235,0.039359079729141
08062025_LtoS_ratescan_1612,2025-08-06,2025-08-01,0.03236614870819242,0.020193189310844423,0.0379079450424195
08062025_LtoS_ratescan_1613,2025-08-06,2025-08-01,0.031990803224954956,0.020118666947923212,0.0382512256375717
08062025_LtoS_ratescan_1614,2025-08-06,2025-08-01,0.03225891580111949,0.02062231281880476,0.0364337754123214
08062025_LtoS_ratescan_210,2025-08-06,2025-08-01,0.024396949087955734,0.02835878405639005,0.3426356981903481
08062025_LtoS_ratescan_211,2025-08-06,2025-08-01,0.025268162885704454,0.017648349484763598,0.3393117203357197
08062025_LtoS_ratescan_212,2025-08-06,2025-08-01,0.025293408456803654,0.017874029556236546,0.3408190512608456
08062025_LtoS_ratescan_213,2025-08-06,2025-08-01,0.024925204778171367,0.01753623500014295,0.3392559914634134
08062025_LtoS_ratescan_214,2025-08-06,2025-08-01,0.025716213068573752,0.018117578819576586,0.3364124717608749
08062025_LtoS_ratescan_410,2025-08-06,2025-08-01,0.02663026659865978,0.021798325247448288,0.1627725600547832
08062025_LtoS_ratescan_411,2025-08-06,2025-08-01,0.022048235814744473,0.02148140691755016,0.1636443911130263
08062025_LtoS_ratescan_412,2025-08-06,2025-08-01,0.026845446197070594,0.021761134323405706,0.162285759860789
08062025_LtoS_ratescan_413,2025-08-06,2025-08-01,0.026791653856283425,0.021817663890885963,0.160533351220731
08062025_LtoS_ratescan_414,2025-08-06,2025-08-01,0.02717031565526533,0.022022924145895125,0.16003591980725
08062025_LtoS_ratescan_610,2025-08-06,2025-08-01,0.028868946853059862,0.017761944116337372,0.1060454548401848
08062025_LtoS_ratescan_611,2025-08-06,2025-08-01,0.02867981689564869,0.02232031553148125,0.1079264074541313
08062025_LtoS_ratescan_612,2025-08-06,2025-08-01,0.029137560807841828,0.01763041213734019,0.1048873703793899
08062025_LtoS_ratescan_613,2025-08-06,2025-08-01,0.029055906707142136,0.022413972428556188,0.1044828286903365
08062025_LtoS_ratescan_614,2025-08-06,2025-08-01,0.028868946853059862,0.022431810677196126,0.1018401458048462
08062025_LtoS_ratescan_810,2025-08-06,2025-08-01,0.02959518006160345,0.03021623650661556,0.0798390870890849
08062025_LtoS_ratescan_811,2025-08-06,2025-08-01,0.02935242106315393,0.030291781792337158,0.0774826092794194
08062025_LtoS_ratescan_812,2025-08-06,2025-08-01,0.031990803224954956,0.030444363228971115,0.0781056450938444
08062025_LtoS_ratescan_813,2025-08-06,2025-08-01,0.029837903933153182,0.03042472553683659,0.0783907516685523
08062025_LtoS_ratescan_814,2025-08-06,2025-08-01,0.03368240304738376,0.031314017954212174,0.0480854398150831
08162025_LtoS_ratescan_1010,2025-08-16,2025-08-01,0.03389882009375485,0.03063316451132412,0.0620804427180678
08162025_LtoS_ratescan_1011,2025-08-16,2025-08-01,0.0338452541613832,0.030821924711742672,0.0632453811638761
08162025_LtoS_ratescan_1012,2025-08-16,2025-08-01,0.04486317367244148,0.030859671820184967,0.0631842063801609
08162025_LtoS_ratescan_1013,2025-08-16,2025-08-01,0.0448087012293121,0.03110574267255991,0.0621452147859524
08162025_LtoS_ratescan_1014,2025-08-16,2025-08-01,0.044891498639695646,0.030992528569277422,0.0620608692898137
08162025_LtoS_ratescan_1610,2025-08-16,2025-08-01,0.032689950006017605,0.03201393822173935,0.0391412775736856
08162025_LtoS_ratescan_1611,2025-08-16,2025-08-01,0.030859965172376862,0.03220239737885386,0.0384814681194321
08162025_LtoS_ratescan_1612,2025-08-16,2025-08-01,0.03104884920939625,0.03070867352223889,0.0384744802488343
08162025_LtoS_ratescan_1613,2025-08-16,2025-08-01,0.03161322736827923,0.030954787246082614,0.0379706247388542
08162025_LtoS_ratescan_1614,2025-08-16,2025-08-01,0.030671059755571415,0.03063316451132412,0.0372425362787303
08162025_LtoS_ratescan_210,2025-08-16,2025-08-01,0.052738401167849364,0.038826587118873844,0.343567266619893
08162025_LtoS_ratescan_211,2025-08-16,2025-08-01,0.053499349942649606,0.039230024148652676,0.3401795846455692
08162025_LtoS_ratescan_212,2025-08-16,2025-08-01,0.053280424138002484,0.039191682585359267,0.3396135298812903
08162025_LtoS_ratescan_213,2025-08-16,2025-08-01,0.05355353491962445,0.03921162040658698,0.3405622471369708
08162025_LtoS_ratescan_214,2025-08-16,2025-08-01,0.03934054842112227,0.0396731311049834,0.3375499298455186
08162025_LtoS_ratescan_610,2025-08-16,2025-08-01,0.034864850438666,0.032958834574332914,0.1071711048313432
08162025_LtoS_ratescan_611,2025-08-16,2025-08-01,0.034892687692032395,0.032976908607564644,0.1054924516120293
08162025_LtoS_ratescan_612,2025-08-16,2025-08-01,0.03507897101131808,0.03314708711682048,0.1052339630528591
08162025_LtoS_ratescan_613,2025-08-16,2025-08-01,0.03518602082521973,0.03324195077549115,0.1037359916409185
08162025_LtoS_ratescan_614,2025-08-16,2025-08-01,0.04360549735789288,0.03341207681321387,0.1055309306942156
08212025_LtoS_ratescan_1010,2025-08-21,2025-08-01,0.03881277805739648,0.022997351630244887,0.0627053573490199
08212025_LtoS_ratescan_1011,2025-08-21,2025-08-01,0.038272288657992135,0.022997351630244887,0.0636463417696915
08212025_LtoS_ratescan_1012,2025-08-21,2025-08-01,0.03867713402156762,0.023091729366801372,0.0604824997017446
08212025_LtoS_ratescan_1013,2025-08-21,2025-08-01,0.03802890297379189,0.022603251013384992,0.0589902318665009
08212025_LtoS_ratescan_1014,2025-08-21,2025-08-01,0.03821844535855088,0.02277110282829884,0.0608702193369729
08212025_LtoS_ratescan_1210,2025-08-21,2025-08-01,0.03708302041490904,0.02284752459000602,0.0522160378275707
08212025_LtoS_ratescan_1211,2025-08-21,2025-08-01,0.03740843050109445,0.02297787557960092,0.0538486241292915
08212025_LtoS_ratescan_1212,2025-08-21,2025-08-01,0.03765190750129807,0.023353835800897737,0.0532002338053549
08212025_LtoS_ratescan_1213,2025-08-21,2025-08-01,0.037921198750842613,0.02357843529389225,0.051681486481533
08212025_LtoS_ratescan_1214,2025-08-21,2025-08-01,0.03816460029982703,0.023560469479765096,0.0487057344802424
08212025_LtoS_ratescan_1410,2025-08-21,2025-08-01,0.037057157272433444,0.02354100609401597,0.0438715927267941
08212025_LtoS_ratescan_1411,2025-08-21,2025-08-01,0.036895503492343336,0.023259486625029864,0.0457704219707461
08212025_LtoS_ratescan_1412,2025-08-21,2025-08-01,0.03716491770799751,0.023334367764404375,0.0431758459305691
08212025_LtoS_ratescan_1413,2025-08-21,2025-08-01,0.03700327442812025,0.023259486625029864,0.0433894306304737
08212025_LtoS_ratescan_1414,2025-08-21,2025-08-01,0.036895503492343336,0.023222043626070818,0.0434600363552265
08212025_LtoS_ratescan_1610,2025-08-21,2025-08-01,0.036490222169727304,0.023391273098358197,0.0381050003748471
08212025_LtoS_ratescan_1611,2025-08-21,2025-08-01,0.03670580964811186,0.023503575274693732,0.0376563506063602
08212025_LtoS_ratescan_1612,2025-08-21,2025-08-01,0.03692136915468348,0.023841890999771714,0.0376145467462181
08212025_LtoS_ratescan_1613,2025-08-21,2025-08-01,0.03721879530231457,0.023767053793869536,0.0371740497453919
08212025_LtoS_ratescan_1614,2025-08-21,2025-08-01,0.036651915401604784,0.02369221010967905,0.0374374992155038
08212025_LtoS_ratescan_210,2025-08-21,2025-08-01,0.04115650033554087,0.033917548310582205,0.3439538405808513
08212025_LtoS_ratescan_211,2025-08-21,2025-08-01,0.04196340085958724,0.0312952364486175,0.3405067537054452
08212025_LtoS_ratescan_212,2025-08-21,2025-08-01,0.04231307620560478,0.031409366506865634,0.3412319377666679
08212025_LtoS_ratescan_213,2025-08-21,2025-08-01,0.041748838782112524,0.0312952364486175,0.3396969647979563
08212025_LtoS_ratescan_214,2025-08-21,2025-08-01,0.04263479666149203,0.031867259186379254,0.3361464834555712
08212025_LtoS_ratescan_410,2025-08-21,2025-08-01,0.03956728286697025,0.02941538958848289,0.1630039285846824
08212025_LtoS_ratescan_411,2025-08-21,2025-08-01,0.039326617937766754,0.029245337733641016,0.1640413755607392
08212025_LtoS_ratescan_412,2025-08-21,2025-08-01,0.039272893259990845,0.029340149533491743,0.1612421965984558
08212025_LtoS_ratescan_413,2025-08-21,2025-08-01,0.03643698936755927,0.02967867817162711,0.1353597049504816
08212025_LtoS_ratescan_414,2025-08-21,2025-08-01,0.03970264134244419,0.029660626662617273,0.1590689598177659
08212025_LtoS_ratescan_610,2025-08-21,2025-08-01,0.0392174906948517,0.024835114089296707,0.1092752262996265
08212025_LtoS_ratescan_611,2025-08-21,2025-08-01,0.038866601962053104,0.024817174429213187,0.1080629632834715
08212025_LtoS_ratescan_612,2025-08-21,2025-08-01,0.038920424107074456,0.024760363035914196,0.1050903605650327
08212025_LtoS_ratescan_613,2025-08-21,2025-08-01,0.0389462581134511,0.024835114089296707,0.1048239026245728
08212025_LtoS_ratescan_614,2025-08-21,2025-08-01,0.039404744243823855,0.025098186149340965,0.105411659002713
08212025_LtoS_ratescan_810,2025-08-21,2025-08-01,0.03867713402156762,0.0253223317748794,0.0784557407296032
08212025_LtoS_ratescan_811,2025-08-21,2025-08-01,0.038866601962053104,0.033561354944659234,0.0784148597265321
08212025_LtoS_ratescan_812,2025-08-21,2025-08-01,0.039081879988452674,0.02547322355894924,0.0783893793898583
08212025_LtoS_ratescan_813,2025-08-21,2025-08-01,0.03883861375074489,0.025379106051357927,0.0767938537981622
08212025_LtoS_ratescan_814,2025-08-21,2025-08-01,0.03918950844745047,0.03361903302903072,0.0791333543581829
09222025_LtoS_ratescan_210,2025-09-22,2025-09-01,6.060161699408859,5.38459094053999,0.320957292319422
09222025_LtoS_ratescan_211,2025-09-22,2025-09-01,6.186873279733934,5.382491494831518,0.3122368061550349
09222025_LtoS_ratescan_212,2025-09-22,2025-09-01,6.403707171685218,5.385067813200586,0.3204473468575948
09222025_LtoS_ratescan_213,2025-09-22,2025-09-01,6.235120848118411,5.384924762058125,0.3117269368284973
09222025_LtoS_ratescan_214,2025-09-22,2025-09-01,5.902210036169108,5.385234694655796,0.3101089191925369
09222025_LtoS_ratescan_410,2025-09-22,2025-09-01,4.60202616134597,5.389355102824353,0.156979406671561
09222025_LtoS_ratescan_411,2025-09-22,2025-09-01,4.531812744768975,5.388974342917514,0.1567032270444888
09222025_LtoS_ratescan_412,2025-09-22,2025-09-01,4.326459373594248,5.389051690021325,0.1556130602519707
09232025_LtoS_ratescan_1010,2025-09-23,2025-09-01,3.89721994791309,12.84403884807728,0.0602264396324685
09232025_LtoS_ratescan_1011,2025-09-23,2025-09-01,3.8032493216720593,13.915164547708242,0.0596450954748031
09232025_LtoS_ratescan_1012,2025-09-23,2025-09-01,3.8045795531624407,0.14446200113687538,0.0591080915799318
09232025_LtoS_ratescan_1013,2025-09-23,2025-09-01,3.8055429011694404,14.482127761989176,0.0588234703231558
09232025_LtoS_ratescan_1014,2025-09-23,2025-09-01,3.757205566387074,0.04692657374998423,0.0580620200761737
09232025_LtoS_ratescan_210,2025-09-23,2025-09-01,5.288330871167758,10.31745125632926,0.3184270507356854
09232025_LtoS_ratescan_211,2025-09-23,2025-09-01,4.896306336335548,10.103362299132892,0.3189471276706535
09232025_LtoS_ratescan_212,2025-09-23,2025-09-01,4.7872900399496885,10.032698550902513,0.3184494323616303
09232025_LtoS_ratescan_213,2025-09-23,2025-09-01,5.345319812931486,10.102990612723673,0.3183827267038278
09232025_LtoS_ratescan_214,2025-09-23,2025-09-01,6.914295773205826,10.46231617086037,0.3140873909462482
09232025_LtoS_ratescan_410,2025-09-23,2025-09-01,4.05683862788358,10.10920195063147,0.157319585827366
09232025_LtoS_ratescan_411,2025-09-23,2025-09-01,4.007992246016408,6.699995543023948,0.1572158870462043
09232025_LtoS_ratescan_412,2025-09-23,2025-09-01,4.0093735418455925,9.557527719638877,0.1547371027096297
09232025_LtoS_ratescan_413,2025-09-23,2025-09-01,4.0584527867253,9.556001248128045,0.1549069846166547
09232025_LtoS_ratescan_414,2025-09-23,2025-09-01,4.0595982235223875,5.163878490657633,0.153781320200026
09232025_LtoS_ratescan_610,2025-09-23,2025-09-01,3.7156321131339594,9.357022074087146,0.1024081758746769
09232025_LtoS_ratescan_611,2025-09-23,2025-09-01,3.6692567059439245,7.019505911100046,0.1024075339858038
09232025_LtoS_ratescan_612,2025-09-23,2025-09-01,3.668334104729685,4.486640335125659,0.10218069868816
09232025_LtoS_ratescan_613,2025-09-23,2025-09-01,3.6228395978106764,8.398201663024876,0.1006039446474066
09232025_LtoS_ratescan_614,2025-09-23,2025-09-01,3.7158860148981816,5.803387755576708,0.1000630489393949
10022025_LtoS_ratescan_1010,2025-10-02,2025-09-01,0.745051399806274,10.18322973346862,0.0605345876210134
10022025_LtoS_ratescan_1011,2025-10-02,2025-09-01,1.177834257055509,0.22340952238496428,0.0603196271090791
10022025_LtoS_ratescan_1012,2025-10-02,2025-09-01,1.4954969152512583,12.25352753363881,0.0604522718811168
10022025_LtoS_ratescan_1013,2025-10-02,2025-09-01,1.5260254994999984,11.527296717850533,0.0590945501717601
10022025_LtoS_ratescan_1014,2025-10-02,2025-09-01,1.6188531655147462,11.065193762495866,0.057954982431742
10022025_LtoS_ratescan_210,2025-10-02,2025-09-01,6.649687966875871,6.695395768469332,0.303431223231308
10022025_LtoS_ratescan_211,2025-10-02,2025-09-01,8.376862103814553,7.856002897153108,0.3026331535409665
10022025_LtoS_ratescan_212,2025-10-02,2025-09-01,5.58348415992993,5.293422807513674,0.3034412607283651
10022025_LtoS_ratescan_213,2025-10-02,2025-09-01,7.620403074443796,8.150349481021916,0.3013653719813763
10022025_LtoS_ratescan_214,2025-10-02,2025-09-01,6.649828596458454,6.488036543048911,0.2995020981372847
10022025_LtoS_ratescan_610,2025-10-02,2025-09-01,1.5909263606319808,9.489207364872676,0.1006179566569063
10022025_LtoS_ratescan_611,2025-10-02,2025-09-01,1.2371156594426544,6.494026655595256,0.1020563981031036
10022025_LtoS_ratescan_612,2025-10-02,2025-09-01,1.5913808448775502,7.291874736554994,0.1000891224379969
10022025_LtoS_ratescan_613,2025-10-02,2025-09-01,1.6540656932680502,9.760194551286942,0.0987021168125055
10022025_LtoS_ratescan_614,2025-10-02,2025-09-01,1.8499277649266535,10.687871287115506,0.0977317980697722
10112025_LtoS_ratescan_110,2025-10-11,2025-10-08,0.033771666150927415,0.3598220980778576,0.2205228998630689
10112025_LtoS_ratescan_111,2025-10-11,2025-10-08,0.033890515802370916,0.1267386213456296,0.219816178557057
10112025_LtoS_ratescan_112,2025-10-11,2025-10-08,0.02011836458349741,0.07790462534089188,0.2091297584184277
10112025_LtoS_ratescan_113,2025-10-11,2025-10-08,0.03420483875188415,0.08999779192030238,0.2211038359772744
10112025_LtoS_ratescan_114,2025-10-11,2025-10-08,0.0340860184823578,0.07793406997696613,0.220857098414562
10112025_LtoS_ratescan_410,2025-10-11,2025-10-08,0.04039482792296023,0.04395738597340457,0.0617509147822621
10112025_LtoS_ratescan_411,2025-10-11,2025-10-08,0.040360502194513974,0.043964140016370674,0.0623060930362171
10112025_LtoS_ratescan_412,2025-10-11,2025-10-08,0.04040817655998289,0.043930369153781346,0.0608869059948458
10112025_LtoS_ratescan_413,2025-10-11,2025-10-08,0.04038720006457305,0.04396954320480932,0.0608312833418125
10112025_LtoS_ratescan_414,2025-10-11,2025-10-08,0.03698243887450142,0.044165380801391936,0.0610351098955239
10112025_LtoS_ratescan_810,2025-10-11,2025-10-08,0.038916058741931187,0.04276225411140864,0.030835368276919
10112025_LtoS_ratescan_811,2025-10-11,2025-10-08,0.03857999107855259,0.04397089399477008,0.0308591705174164
10112025_LtoS_ratescan_812,2025-10-11,2025-10-08,0.03863537207273829,0.0438276957950585,0.0301056905168069
10112025_LtoS_ratescan_813,2025-10-11,2025-10-08,0.03845585237428748,0.8551757452487176,0.0299585293903799
10112025_LtoS_ratescan_814,2025-10-11,2025-10-08,0.03867738360537672,0.6362068506674424,0.0303699830409716
10152025_LtoS_ratescan_medpowersmallspan110,2025-10-15,2025-10-08,0.01495413454220849,0.0317022297908573,0.1857964520540972
10152025_LtoS_ratescan_medpowersmallspan111,2025-10-15,2025-10-08,0.014908731891600276,0.0541237464382443,0.2217981710657094
10152025_LtoS_ratescan_medpowersmallspan112,2025-10-15,2025-10-08,0.014970739380143804,0.01232300880141913,0.2213162351863904
10152025_LtoS_ratescan_medpowersmallspan113,2025-10-15,2025-10-08,0.015181166424290635,0.02370188744846168,0.2222697107851764
10152025_LtoS_ratescan_medpowersmallspan114,2025-10-15,2025-10-08,0.015002681450477161,0.11457493805884252,0.2210467530904216
10152025_LtoS_ratescan_medpowersmallspan410,2025-10-15,2025-10-08,0.017542308778257985,0.27016120324977333,0.0620112757245142
10152025_LtoS_ratescan_medpowersmallspan411,2025-10-15,2025-10-08,0.017311644896095848,0.2332076282795802,0.0621307315924079
10152025_LtoS_ratescan_medpowersmallspan412,2025-10-15,2025-10-08,0.017283512257403776,0.15386376021547804,0.061390311766345
10152025_LtoS_ratescan_medpowersmallspan413,2025-10-15,2025-10-08,0.012698326686101128,0.011883975364217116,0.0623881590316973
10152025_LtoS_ratescan_medpowersmallspan414,2025-10-15,2025-10-08,0.013181523374737665,0.08533473173061062,0.0611627070120459
10152025_LtoS_ratescan_medpowersmallspan810,2025-10-15,2025-10-08,0.014546153513737258,0.016577526970354355,0.0304019383357456
10152025_LtoS_ratescan_medpowersmallspan811,2025-10-15,2025-10-08,0.014639311623175725,0.01660907559809151,0.0306119095665037
10152025_LtoS_ratescan_medpowersmallspan812,2025-10-15,2025-10-08,0.014464168626892157,0.01651968412626969,0.0301089922843196
10152025_LtoS_ratescan_minus20810,2025-10-15,2025-10-08,0.01462626990401493,0.01662090596544501,0.0312583199035745
10152025_LtoS_ratescan_minus20811,2025-10-15,2025-10-08,0.014641174713210595,0.016605132096910315,0.0310273327348051
10152025_LtoS_ratescan_minus20812,2025-10-15,2025-10-08,0.014657942409434029,0.01664062280282438,0.0304585263487538
10152025_LtoS_ratescan_minus20813,2025-10-15,2025-10-08,0.014983936144642539,0.016811478801842573,0.0299252762473053
10152025_LtoS_ratescan_minus20814,2025-10-15,2025-10-08,0.015028637210394305,0.016924483693212474,0.0302020634446925
04232025_LtoS,2025-04-23,2025-04-21,3.111594942773197,0.034583349224626504,0.0596149986830736
04232025_LtoSfaster,2025-04-23,2025-04-21,3.32665160456802,0.03447322320927867,0.0741764067801479
04242025_LtoSalmostfastest,2025-04-24,2025-04-21,4.270734293372169,4.727968253150598,0.2068912066468005
04242025_LtoSevenfaster,2025-04-24,2025-04-21,3.627937488075276,2.9761716803733096,0.1152556844864201
04242025_LtoSfastest,2025-04-24,2025-04-21,4.881227577937956,3.274370960191427,0.3285293577138606
04292025_LtoS_pressure,2025-04-29,2025-04-21,2.902600120993283,0.08353817384404492,0.0601888369779377
04302025_LtoS_pressure2,2025-04-30,2025-04-21,4.104560861672056,0.08359600759488796,0.07426968971236
04302025_LtoS_pressure5_wait,2025-04-30,2025-04-21,3.941348607003714,3.937516046197629,0.361433387424782
05022025_LtoS_pressure6_wait,2025-05-02,2025-04-21,4.975635952560288,1.0962986657404803,0.6450887329202994
05072025_LtoS,2025-05-07,2025-04-21,1.483154981284477,0.3273360388254946,0.0531983904101069
05082025_LtoS,2025-05-08,2025-04-21,1.4330821396664026,4.129797222962023,0.0628545829736501
05082025_LtoS_pressure2pt0,2025-05-08,2025-04-21,1.1940398046654008,0.25597576480092676,0.0734852586002201
05082025_LtoS_pressure2pt1,2025-05-08,2025-04-21,1.7703314766829845,0.15592467125207918,0.0737295027098531
05102025_LtoS_pressure,2025-05-10,2025-04-21,1.825160787870849,0.13459680130688556,0.0590459762382004
05102025_LtoS_pressure3,2025-05-10,2025-04-21,1.964418895695002,0.21038826665891425,0.1219953246756003
05102025_LtoS_pressure4,2025-05-10,2025-04-21,2.9715078386517035,0.18509587892245716,0.2123904929857939
05102025_LtoS_pressure5_wait,2025-05-10,2025-04-21,4.0211506760857105,0.23305124563399046,0.330092017722955
05122025_LtoS_baseline_pressurept0.0,2025-05-12,2025-04-21,11.563605000162367,12.029796579625522,0.539506788840825
05122025_LtoS_pressure,2025-05-12,2025-04-21,11.629715728250739,14.056687278223576,0.061803157523808
05142025_LtoS_pressure_101m,2025-05-14,2025-04-21,5.445643809830135,15.016009947723997,0.0631950496258129
05142025_LtoS_pressure_21m,2025-05-14,2025-04-21,8.506983281389287,13.009114222249055,0.3320761396106932
05142025_LtoS_pressure_51m,2025-05-14,2025-04-21,7.742561379108976,14.527792810644197,0.1222068370039246
05182025_LtoS_baseline_pressure,2025-05-18,2025-05-17,2.6018394101606854,0.019293677651778546,0.1557372094077207
05192025_LtoS_pressure_101m,2025-05-19,2025-05-17,3.365538974386771,16.504438416709164,0.0595520657537905
05192025_LtoS_pressure_21m,2025-05-19,2025-05-17,1.3125878534430164,5.981954491497535,0.3023614283548003
05192025_LtoS_pressure_31m,2025-05-19,2025-05-17,1.881728549446301,8.650706178326676,0.1930587565223443
05192025_LtoS_pressure_51m,2025-05-19,2025-05-17,2.604762467996013,9.971698156672298,0.1128144005816455
05192025_LtoS_pressure_81m,2025-05-19,2025-05-17,2.051741761329199,0.0378853032791202,0.0713596985429955
05192025_LtoS_pressure_sanity,2025-05-19,2025-05-17,3.7439068563202356,11.698993022313617,0.1238664367042642
05242025_LtoS_baseline_pressure,2025-05-24,2025-05-17,0.08380125921268498,0.06379610528752522,0.0016232929296869
05292025_LtoS_pressure_101m,2025-05-29,2025-05-17,3.076768528951735,12.959118852660053,0.0586194495562391
05292025_LtoS_pressure_21m,2025-05-29,2025-05-17,5.115228648291185,9.742510744528023,0.3463040673781687
05292025_LtoS_pressure_31m,2025-05-29,2025-05-17,4.658499010907649,12.673513881855794,0.2111307133711336
05292025_LtoS_pressure_51m,2025-05-29,2025-05-17,3.903494834064236,11.451100385275861,0.119004823670504
05292025_LtoS_pressure_81m,2025-05-29,2025-05-17,3.2919399162268035,12.254481639543366,0.0745816715983386
05302025_LtoSbasetemp_15mindep,2025-05-30,2025-05-17,0.02247953086233947,2.0849956059189987,0.7043879682808128
05302025_LtoS_pressure_101m,2025-05-30,2025-05-17,0.07192606438712251,0.24876442930376363,0.0599082433634703
05302025_LtoS_pressure_21m,2025-05-30,2025-05-17,0.07273821080683278,0.29562376802170265,0.3266491026474251
05302025_LtoS_pressure_31m,2025-05-30,2025-05-17,0.07152966749984696,0.11785315663941891,0.2135791126017633
05302025_LtoS_pressure_51m,2025-05-30,2025-05-17,0.07198704144853757,0.5817548349711542,0.1238779705433687
05302025_LtoS_pressure_81m,2025-05-30,2025-05-17,0.07186508544080222,0.2488759605346153,0.073920265630822
05312025_LtoSbasetemp_25mindep,2025-05-31,2025-05-17,5.597131776957104,8.967722971475164,0.6720867792112752
05312025_LtoS_pressure_101m,2025-05-31,2025-05-17,3.7452082082891742,0.11754127492228628,0.0608155694962528
05312025_LtoS_pressure_21m,2025-05-31,2025-05-17,5.400254228657239,2.0882557853703547,0.3339056313543607
05312025_LtoS_pressure_31m,2025-05-31,2025-05-17,4.837180977384043,1.4539823550624735,0.2057978200137497
05312025_LtoS_pressure_51m,2025-05-31,2025-05-17,4.14730644013903,0.11752026372738515,0.1218410597983954
05312025_LtoS_pressure_81m,2025-05-31,2025-05-17,4.146789515753158,0.6975032407187287,0.0772772001742268
06012025_LtoSbasetemp_35mindep,2025-06-01,2025-05-17,5.902006226621603,11.071206494865537,0.7091439887471411
06012025_LtoS_pressure_101m,2025-06-01,2025-05-17,3.0069960344283904,0.29537071958054173,0.0589406256623534
06012025_LtoS_pressure_21m,2025-06-01,2025-05-17,5.0221486214655355,9.074561323433134,0.3258855734787645
06012025_LtoS_pressure_31m,2025-06-01,2025-05-17,4.485692724523167,2.1813184454463057,0.2096428859198798
06012025_LtoS_pressure_51m,2025-06-01,2025-05-17,3.6667546658692736,0.07725467738318205,0.120888993618426
06012025_LtoS_pressure_81m,2025-06-01,2025-05-17,3.1480224559072316,0.07717380156045198,0.0771123474050069
06022025_LtoSbasetemp_55mindep,2025-06-02,2025-05-17,5.798792355061102,12.105958049331825,0.7091120429700176
06022025_LtoS_pressure_101m,2025-06-02,2025-05-17,3.147534230384322,17.995161085484025,0.0582652890013421
06022025_LtoS_pressure_21m,2025-06-02,2025-05-17,4.931453617083299,4.107131651501075,0.3330643565882029
06022025_LtoS_pressure_31m,2025-06-02,2025-05-17,4.400585466768176,2.8243817115380017,0.2017450644115936
06022025_LtoS_pressure_51m,2025-06-02,2025-05-17,3.744838336551201,1.227515277806373,0.1257838026637178
06022025_LtoS_pressure_81m,2025-06-02,2025-05-17,3.2920016006944963,0.1595393793316947,0.0774638681023193
06062025_LtoS_pressure_101m,2025-06-06,2025-05-17,3.2197321310177127,0.1812877934855578,0.0591965184208932
06062025_LtoS_pressure_81mpt0,2025-06-06,2025-05-17,3.3659881693597513,0.3936506108863628,0.0710730601100306
06062025_LtoS_pressure_81mpt1,2025-06-06,2025-05-17,3.2926800436359187,0.24883998408191185,0.0745613854674552
06062025_LtoS_pressure_81mpt2,2025-06-06,2025-05-17,0.4579396654112046,0.2718905099452828,0.0707561276640292
06122025_LtoS_pressure_101m,2025-06-12,2025-05-17,3.1473533849471176,0.15976577810636686,0.0580780453260253
06122025_LtoS_pressure_21m,2025-06-12,2025-05-17,5.0220784022657785,1.1552797353280524,0.3333494824637995
06122025_LtoS_pressure_31m,2025-06-12,2025-05-17,4.148731049321979,0.07691868697953838,0.2094330859274284
06122025_LtoS_pressure_51m,2025-06-12,2025-05-17,3.5149777509848987,0.07710691832308804,0.1165828863050351
06122025_LtoS_pressure_81m,2025-06-12,2025-05-17,3.076756612697797,0.07681133191665217,0.0777730678070602
07312025_LtoS23Ktest_7mindep,2025-07-31,2025-07-10,2.2007159676144745,1.532321097745372,0.0227141100213989
08022025_LtoS23Ktest_7mindep,2025-08-02,2025-08-01,0.021983797238910578,0.012643568763002622,0.0250663459399197
08032025_LtoS23Ktest_7mindeppt0.0,2025-08-03,2025-08-01,0.02214526100160642,0.022552198633740767,0.015790631378197
08032025_LtoS23Ktest_7mindeppt1.0,2025-08-03,2025-08-01,0.022092149650239055,0.0125326880695301,0.0272474457890834
08032025_LtoS23Ktest_7mindeppt2.0,2025-08-03,2025-08-01,0.022092149650239055,0.01260661011647074,0.0477943290832989
08042025_LtoS23Ktest_7mindep,2025-08-04,2025-08-01,0.021983797238910578,0.012624350463938363,0.0021673809399131
08052025_LtoS23Ktest_7mindep,2025-08-05,2025-08-01,0.02201141715152726,0.012643568763002622,0.0250785555923948
08152025_LtoS23Ktest_7mindep,2025-08-15,2025-08-01,0.041849589738436395,0.027617782043491728,0.0296115695410291
08212025_LtoS23Ktest_7mindep,2025-08-21,2025-08-01,0.032044429202745285,0.027580211596225947,0.035933217574093
