Frequency(GHz),Time(s),Temp(K),Thickness(um)_conformal
2.229738544667738,0.0,8.093072137949786,-0.017480812359772495
2.2297386648407427,1.514298,8.09301031134372,-0.017495310714039203
2.229738381334786,3.022016,8.092701178541807,-0.01745663915427465
2.229738417368733,4.533355,8.092404411400759,-0.01745825388400078
2.2297382081154162,6.040929,8.09252806433457,-0.01743316735890425
2.229738022372324,7.550482,8.092849562240374,-0.01741297958465574
2.2297380921635677,9.061215,8.092849562240374,-0.017421751128287068
2.22973799856989,10.570788,8.09275063976504,-0.017409016655377113
2.2297381701188006,12.089478,8.092466237861577,-0.017427784590592525
2.2297380661372195,13.601944,8.092540429631974,-0.017415444376921614
2.2297378686973564,15.115999,8.092701178541807,-0.017392208738544232
2.2297378859907764,16.632823,8.092763005072698,-0.017394989238131632
2.2297379949123437,18.162261,8.092701178541807,-0.017408071271009542
2.2297380234032493,19.682074,8.092540429631974,-0.017410073505931413
2.229738080068429,21.214509,8.092589890824392,-0.017417680988751117
2.229738144582391,22.742872,8.092626986724671,-0.017426153619016525
2.2297377772973754,24.269648,8.093022676664097,-0.01738387893171474
2.2297380110472615,25.791776,8.093220521859793,-0.017415199099507978
2.2297380910508715,27.33047,8.093393636536211,-0.017426954283073
2.2297380994705174,28.862669,8.093381271200721,-0.017427891070617988
2.229738034532056,30.399514,8.09350492460378,-0.017420943676341335
2.229737941969479,31.947535,8.093554385982827,-0.01740979594620136
2.2297375742618937,33.477964,8.093739866237874,-0.017365405403869157
2.229737480349545,35.01459,8.09375223159225,-0.01735372490972075
2.2297375361897966,36.55605,8.093974808090806,-0.01736292792331006
2.229737555448218,38.096502,8.09401190419023,-0.01736571241581095
2.229737465732847,39.636649,8.093851154455283,-0.017352859428808376
2.229737380238108,41.177072,8.093690404823128,-0.017340537141789715
2.2297370982017664,42.718749,8.094036634930436,-0.01730849565460722
2.2297370790700257,44.270566,8.094296307820958,-0.017308641300654945
2.229737020263927,45.81846,8.094419961672227,-0.017302466038968158
2.229736948907034,47.367139,8.094407596281918,-0.0172933782371324
2.22973655274869,48.91169,8.094481788618474,-0.017244329804432773
2.2297363950605233,50.45963,8.09422211554001,-0.017221968342955005
2.2297358708733803,52.00982,8.094135557904892,-0.017155264577925627
2.229735369604453,53.574932,8.09407373104009,-0.017091690276926867
2.2297344419648772,55.131235,8.094061365669805,-0.016975061355244556
2.229733482357839,56.686521,8.094135557904892,-0.016855292356299047
2.229732566162441,58.245307,8.093912981266154,-0.016738087571925638
2.229731333425895,59.804293,8.093801693020621,-0.016582273285085464
2.229729507748219,61.356556,8.09362857806847,-0.016351511387667272
2.229726997653804,62.915025,8.093566751326877,-0.01603612159046087
2.2297232111268976,64.47902,8.093430732554134,-0.015560265697323649
2.229718774971619,66.054332,8.09348019391759,-0.015005321426323331
2.2297134638834244,67.626973,8.093492559260579,-0.014341180661011295
2.2297077153892673,69.196317,8.09362857806847,-0.01362440639789251
2.2297005842917903,70.761004,8.093640943418256,-0.012734948420039124
2.2296938408775544,72.340634,8.093690404823128,-0.011895460538669517
2.2296860041196025,73.91516,8.093554385982827,-0.010919485211566072
2.2296775163704776,75.486662,8.093566751326877,-0.009865786613638813
2.2296682858769126,77.060459,8.09351728994655,-0.008721359872618843
2.229658422796979,78.646885,8.093616212719029,-0.0075023326322980815
2.229648488815516,80.228409,8.093665674118531,-0.0062764762290072
2.2296371489164866,81.814245,8.09382642373714,-0.0048810396464300495
2.2296254995705844,83.389713,8.093912981266154,-0.00344992341949331
2.229613374710435,84.976159,8.094061365669805,-0.001964266084420745
2.2296011480467284,86.560678,8.094160288651924,-0.00046899010512490755
2.2295878306850274,88.144603,8.094160288651924,0.001156983386797092
2.229574164339234,89.730813,8.09422211554001,0.0028210563275454224
2.229559899922876,91.333721,8.09418501940517,0.0045548107016354965
2.2295448500590767,92.925297,8.094135557904892,0.0063797247118460455
2.2295293619348855,94.52557,8.09422211554001,0.008251925374579933
2.2295136526936234,96.10975,8.094296307820958,0.010146439705664518
2.22949701249004,97.706254,8.094407596281918,0.012148125867785417
2.2294801104677373,99.299772,8.094531250187112,0.014176371976606811
2.2294626949715495,100.901677,8.094593077161868,0.01626198116698493
2.229444321144579,102.501139,8.09469200035425,0.018456943923890082
2.2294258508048896,104.106476,8.094926943090567,0.02065717644067347
2.2294065693418452,105.708857,8.094914577676958,0.02295138599103786
2.2293863172941504,107.316458,8.095161886048096,0.02535345812469993
2.2293662716972977,108.926882,8.095001135580635,0.02772989849252314
2.229345257721334,110.527844,8.09503823183313,0.0302143843531245
2.229323970829628,112.143445,8.095161886048096,0.03272568539481835
2.229301890412246,113.751064,8.095174251471741,0.03532715826018925
2.2292793044162855,115.365828,8.095161886048096,0.03798414544405124
2.2292563172577435,116.982692,8.095347367483368,0.04068256174750973
2.229232755793355,118.600777,8.095433925536426,0.04344574678431297
2.229208027895022,120.232048,8.095656503514483,0.04634119279545601
2.2291832321305813,121.84429,8.095681234418544,0.049243596645273086
2.22915785934665,123.482882,8.095730696223086,0.052211062303667365
2.2291320821693232,125.104576,8.096027467264014,0.055221909524025885
2.2291058260842385,126.726593,8.0960151017961,0.058290553037352484
2.2290787245141868,128.365778,8.096002736329641,0.06145769145496056
2.2290512012826933,129.995267,8.096188218390274,0.06467276734822747
2.229023244125859,131.638459,8.096250045775466,0.0679410038231645
2.228994562332232,133.265856,8.096311873175686,0.071296224568404
2.2289656152830517,134.914207,8.096571548424187,0.07468389688295042
2.228936229060483,136.551743,8.096695203399147,0.0781284992502838
2.22890636840618,138.18924,8.096719934404424,0.0816350012541992
2.2288758898604923,139.832893,8.096744665406677,0.08522065765717778
2.22884536637876,141.463331,8.096991975594356,0.0888172515062503
2.228813614435978,143.127633,8.0970290721408,0.09256990311684443
2.228781763972254,144.778837,8.097115630782284,0.09634438258240843
2.2287497667769793,146.423822,8.097313479204814,0.10014709329317936
2.228717477180374,148.072627,8.09738767240987,0.10399893903429
2.2286842573123105,149.723869,8.097325844738705,0.1079781258580741
2.228651217948308,151.380218,8.097486596712487,0.11194998947167766
2.2286176655142844,153.027825,8.09758552105444,0.11600209183039922
2.228583651932611,154.683466,8.09752369333698,0.12013116561912042
2.2285488674821448,156.358735,8.097771004305518,0.12437274655589442
2.228513909108928,158.025005,8.097758638751896,0.12866166648214114
2.228478743992856,159.686249,8.097733907646049,0.1330013508424457
2.2284439062082053,161.353779,8.097758638751896,0.13732649083931237
2.2284103362289183,163.009591,8.09758552105444,0.14152216159253855
2.2283778385351094,164.683457,8.097486596712487,0.14560856186171237
2.228346784954863,166.363653,8.097400037944169,0.14953760495530236
2.2283168325129723,168.026104,8.09733821027141,0.1533504550554945
2.2282879003009457,169.692184,8.097090899738609,0.15705781626449805
2.2282599353518955,171.36948,8.09696724456255,0.16066176290477352
2.2282325601005177,173.087279,8.09688068597874,0.16421060546960675
2.2282061078430755,174.764178,8.096757030911121,0.167660704156764
2.2281806357538554,176.461123,8.096719934404424,0.17100164895745618
2.228156240686582,178.141304,8.09653445194353,0.1742212527078307
2.228132021063714,179.813425,8.096522086450031,0.1774341075808135
2.2281092873585715,181.518074,8.096324238657097,0.1804686025472321
2.2280866328040947,183.200388,8.09643552802255,0.1835058194356867
2.2280648229771054,184.875293,8.096076929137396,0.18645053856929342
2.2280431851255527,186.573047,8.096076929137396,0.1893839296846841
2.2280232091085006,188.241555,8.09594090900377,0.19210752286882585
2.2280022083367923,189.925182,8.095891447158346,0.19498460881972346
2.227983887620884,191.606922,8.095792523494472,0.19750767007354422
2.22796352711714,193.302704,8.095705965320212,0.2003252984719887
2.227945321548153,194.998253,8.095458656413166,0.20285912040326362
2.227927211590199,196.690726,8.09539682922291,0.20538955374485202
2.227910469423825,198.388662,8.095186616897893,0.20774124482732778
2.2278933847391027,200.08589,8.095087693509406,0.21015049778478148
2.227875705826317,201.777504,8.095025866412708,0.21265461604048586
2.2278600515245257,203.501748,8.094815654397804,0.2148835673544545
2.227843913194303,205.195198,8.094679634954861,0.21719036103535844
2.2278267302309933,206.890946,8.094568346368382,0.21965715993313473
2.227811580531847,208.605679,8.09443232705889,0.2218420410209703
2.227798023076149,210.301181,8.094321038585166,0.22380483108285223
2.227783268591413,212.00872,8.09422211554001,0.22594895748822166
2.227767774120465,213.712833,8.094234480915802,0.22820866510478607
2.2277540211143334,215.42705,8.09418501940517,0.23022318973227845
2.227740734863091,217.13553,8.094123192529656,0.23217680034154511
2.22772785666358,218.840688,8.09418501940517,0.23407589748057983
2.227713088325565,220.551356,8.093999538824267,0.23626509387801173
2.227700257946708,222.280855,8.094110827158337,0.23817120195168745
2.227687417641627,224.010408,8.094110827158337,0.2400869542151361
2.2276752509967888,225.724381,8.093974808090806,0.24191018021663074
2.2276629543661848,227.474897,8.094098461782313,0.24375618533290921
2.227651787711294,229.274042,8.093950077358912,0.24544118813408566
2.227639838198315,230.994985,8.093789327662657,0.24725026155695534
2.2276285073339435,232.712739,8.093702770177963,0.24897057644299067
2.227616809099054,234.461,8.093616212719029,0.2507524638821443
2.2276057504021827,236.182653,8.09351728994655,0.2524426149949372
2.2275949128662877,237.912214,8.09357911667594,0.2541022534701694
2.2275828828788757,239.640732,8.093665674118531,0.2559503201704211
2.2275737875512434,241.362006,8.093690404823128,0.2573522839473649
2.22756200553851,243.130075,8.093727500886752,0.25917376550992466
2.227552757105456,244.87271,8.093764596949681,0.26060779125909594
2.227542627734437,246.630974,8.093789327662657,0.262182992625953
2.227531001967011,248.415579,8.093616212719029,0.2639990344694018
2.2275214735021476,250.167506,8.093566751326877,0.26549088881933147
2.2275130675349937,251.925004,8.093443097894863,0.26681139612484983
2.2275033222879435,253.673651,8.093443097894863,0.2683445634180801
2.227493260338185,255.427971,8.09348019391759,0.26993164985965346
2.2274840040231143,257.207637,8.09351728994655,0.2713957232708033
2.227475791102813,258.951762,8.093640943418256,0.27269693775559295
2.22746694322693,260.70791,8.093616212719029,0.2741041926285965
2.227457380081053,262.492717,8.093542020638926,0.27562988537245675
2.2274496126672534,264.244789,8.09326998318525,0.276874869159644
2.2274412530196304,265.999251,8.093158695220602,0.27821566868791164
2.2274330041658303,267.749963,8.09312159924484,0.2795409992658011
2.2274235309946597,269.520877,8.092960850070513,0.28106847229065474
2.227415892611564,271.299614,8.093022676664097,0.2823007737702595
2.2274076744390365,273.071073,8.093084503271248,0.28362974892745857
2.2274005509120705,274.829921,8.093022676664097,0.284785757571159
2.2273917977424524,276.593426,8.093072137949786,0.28620794108576664
2.2273839519044545,278.359117,8.09301031134372,0.2874871597009203
2.2273788498824962,280.120609,8.092886658177848,0.2883216607484795
2.227374222699593,281.882778,8.092626986724671,0.28908146250002165
2.2273701824860908,283.649733,8.092342584957596,0.28974646675498344
2.227367303190551,285.419367,8.092280758526675,0.29021907016139814
2.227365077204187,287.183199,8.092218932114962,0.29058489435031487
2.2273628817330917,288.958117,8.092206566833,0.2909453156044229
2.2273609144167743,290.759472,8.092021087686076,0.2912707147847467
2.227359237397835,292.52966,8.092008722414416,0.291546378455902
2.2273576068183054,294.297769,8.091798512886596,0.2918170818042967
2.2273554029096627,296.086705,8.091600668781071,0.29218206778859235
2.227353838776541,297.857691,8.091464651046008,0.29244118949940956
2.2273516379095444,299.637042,8.09136572910048,0.29280481018506055
2.2273499786602864,301.407656,8.091514112032414,0.2930762353248609
2.2273488655509546,303.192225,8.091427555310146,0.29326078882361906
2.227346414329013,304.990057,8.091427555310146,0.293664961903153
2.2273448110165823,306.820765,8.091328633381139,0.29393075789241463
2.2273431579868714,308.623203,8.091180250555597,0.29420552561195423
2.2273416096109138,310.412509,8.09093294603466,0.29446441601506324
2.2273398152195134,312.205404,8.091180250555597,0.29475770367579773
2.22733792058437,314.032538,8.091118424404119,0.29507170969834084
2.227336315717855,315.925367,8.091056598268347,0.29533795048192674
2.2273349528381456,317.735126,8.090994772141485,0.29556426606412606
2.227332947627568,319.536503,8.09085875472386,0.2958979929606456
2.227331717712075,321.346356,8.090994772141485,0.2960999484842888
2.2273298396665524,323.150928,8.091093693944766,0.2964098756052603
2.227328256870704,325.005258,8.091056598268347,0.29667277025372
2.2273264241064323,326.858549,8.090994772141485,0.2969775811176044
2.2273249538095725,328.669247,8.090908215594625,0.2972227072261014
2.2273235688752964,330.518078,8.091056598268347,0.29745071971949094
2.227322079657255,332.338855,8.091056598268347,0.2976980727912353
2.2273203608527194,334.216823,8.091044233040138,0.2979838544895654
2.227318771411217,336.070704,8.090895850375855,0.2982500333743033
2.227316988985673,337.947838,8.090957676476277,0.29854571659382534
2.2273159083670087,339.773808,8.091056598268347,0.2987242557533345
2.2273141086336277,341.580483,8.091044233040138,0.29902403356741547
2.2273126307292923,343.390844,8.091167885324419,0.2992685842463008
2.227311402317559,345.243314,8.09069800695513,0.29947937947192294
2.2273097283799537,347.061579,8.090611450506154,0.2997595477881947
2.227308162792446,348.929859,8.090895850375855,0.3000169507730955
2.2273065145781317,351.01356,8.090796928649493,0.3002932532239986
2.227305141668436,352.882932,8.090673276537622,0.30052404475003786
2.227303742451978,354.710224,8.090908215594625,0.3007546501194832
2.227302136625263,356.639238,8.090957676476277,0.301022293938703
2.2273004425834753,358.665288,8.090636180917338,0.30130965320245684
2.2272992214226868,360.491415,8.090722737375344,0.30151273352436425
2.2272977046344575,362.380278,8.09087111994301,0.3017645444984583
2.2272962464946766,364.194,8.090747467797216,0.3020102031195854
2.227294645442596,366.161411,8.090425972497421,0.3022824885743235
2.2272934545313974,368.079608,8.090747467797216,0.30247777736524334
2.2272919247789567,369.965149,8.090821659075246,0.30273316004739254
2.2272909393491958,371.818922,8.090561989694255,0.3029017551260011
2.2272892715432984,373.848778,8.090685641749037,0.30317983851901154
2.2272876823463617,375.702799,8.090747467797216,0.30344567486633073
2.2272861603255008,377.681509,8.090537259285757,0.30370392078307973
2.22728496013798,379.627153,8.090487798487542,0.30390611849652144
2.227283493849786,381.513838,8.090685641749037,0.30414985741663264
2.2272823416249232,383.336532,8.090747467797216,0.30434269155693033
2.2272810607884845,385.199131,8.090376511717507,0.3045628961606563
2.2272796784384155,387.025203,8.090388876913075,0.3047952305604148
2.2272782658046038,388.851037,8.090475433287972,0.30503178181542273
2.227277107167392,390.70292,8.09057435489467,0.3052255066245765
2.2272759187063804,392.537422,8.09057435489467,0.3054256198376891
2.227274886625797,394.468664,8.09025285980726,0.30560368504435337
2.227273019629995,396.548463,8.09057435489467,0.3059140610593477
2.22727178635366,398.445359,8.090487798487542,0.30612311111776586
2.227270438923065,400.348865,8.090351781331758,0.30635214425866975
2.2272690232807366,402.300271,8.090438337693678,0.30658984900778763
2.22726786803338,404.215105,8.090537259285757,0.30678353065091146
2.227266589267204,406.173099,8.09025285980726,0.3070031880944078
2.2272652276336045,408.178992,8.090599085302179,0.3072286156992926
2.2272639314891336,410.100071,8.090475433287972,0.3074492610424073
2.227262625088994,412.066725,8.090203399060783,0.30767368305841647
2.227261493204484,413.954666,8.090537259285757,0.30786067966084923
2.227260245064289,415.841191,8.090376511717507,0.30807393641991543
2.227258804810937,418.035287,8.090327050948364,0.30831831940684584
2.2272573682288184,419.993828,8.090425972497421,0.30856022414821704
2.2272565087774425,421.888131,8.090166303504981,0.3087092095484621
2.2272551705179757,423.854047,8.090302320566929,0.3089341281516514
2.2272540499751887,425.800556,8.090327050948364,0.30912370265147254
2.227253031515278,427.74394,8.090166303504981,0.3092984852301116
2.2272515679656077,429.632579,8.090228129433413,0.30954586881877016
2.227250366138438,431.544406,8.090327050948364,0.3097484555555271
2.227249315029957,433.413833,8.090265224996369,0.3099276597166884
2.2272478970998946,435.314441,8.090042651693784,0.31017133619099757
2.2272471292520493,437.257358,8.090240494618811,0.31029911703803564
2.2272458068660166,439.124737,8.090314685754443,0.3105227814859167
2.2272447086700455,441.028068,8.090104477590634,0.3107121984823332
2.227243711854623,443.063337,8.090265224996369,0.3108795191544971
2.2272423309656713,445.026706,8.090364146524545,0.311113031569441
2.2272411995515213,447.098576,8.090178668689655,0.3113079663874211
2.227240140061883,449.009607,8.090364146524545,0.3114857986935504
2.227239074500959,450.883296,8.090302320566929,0.31166800508477144
2.2272379239727407,452.789176,8.090042651693784,0.31186736900179796
2.227236958938417,454.674305,8.090191033874643,0.31202977560826867
2.227235607119403,456.578273,8.090228129433413,0.3122596224167883
2.2272343990574393,458.49303,8.090055016871055,0.3124678481047117
2.227233677508677,460.39216,8.090042651693784,0.31259104122103354
2.2272323546413215,462.341597,8.090203399060783,0.31281452669680476
2.227231420399364,464.262659,8.090166303504981,0.31297441540170806
2.227230035835354,466.303897,8.089993190985412,0.31321302852281746
2.2272289392117255,468.241197,8.090228129433413,0.31339713081122306
2.227228301668138,470.185969,8.089918999939192,0.31351012960807295
2.2272269530471154,472.169647,8.089918999939192,0.3137405144084127
2.2272259681113207,474.316788,8.089758252747194,0.31391097273978347
2.2272247612238343,476.300071,8.089807713413219,0.3141166239174536
2.2272237023839043,478.285061,8.089745887580996,0.31429851250003504
2.2272225299391937,480.438605,8.089795348244557,0.3144984086335172
2.227221489187028,482.456469,8.089956095460284,0.3146743492759418
2.2272204261313435,484.388178,8.08982007858073,0.31485812590932544
2.227219230572711,486.292943,8.089758252747194,0.315063660730601
2.227218430750258,488.22046,8.090005556160968,0.3151973447001951
2.2272173406502787,490.269378,8.089671696607702,0.31538856654598957
2.2272163748896556,492.169304,8.089795348244557,0.31555242011769996
2.227215427571522,494.127634,8.089881904426102,0.31571365432737136
2.2272145441237203,496.072927,8.089708792093544,0.31586745487331397
2.2272135121959256,497.989564,8.089857174085287,0.31604246314142637
2.2272124755879377,499.94359,8.089869539254458,0.3162201485217928
2.227211544361164,501.855294,8.089449123803535,0.31638559647185155
2.227210649442579,503.812991,8.089671696607702,0.3165362434387341
2.2272095783709593,505.752758,8.089869539254458,0.3167175131398976
2.227208672290797,507.683351,8.089523314718141,0.31687778825078294
2.2272075475880238,509.622371,8.089696426930995,0.317068712398248
2.227206486617145,511.547246,8.089807713413219,0.3172495728906487
2.2272057973570893,513.504043,8.089523314718141,0.3173718846409542
2.2272048586978177,515.428786,8.089609870807898,0.3175321352955076
2.2272039049946692,517.365817,8.089733522419188,0.3176945201294727
2.2272028124341703,519.283902,8.089510949566838,0.31788549444337716
2.2272018719313773,521.244901,8.089449123803535,0.31804819689302544
2.227200988313576,523.195841,8.08962223596813,0.3181979937002154
2.2272000838952737,525.139675,8.089449123803535,0.3183560642541379
2.227198939740305,527.109745,8.08939966320917,0.31855381723615256
2.227197941295588,529.078507,8.089560410182045,0.318723698791868
2.2271970144840005,531.061257,8.08930074204182,0.3188869364117686
2.2271962739165945,533.028205,8.089486219260094,0.31901211708352584
2.227195267415761,534.967986,8.089560410182045,0.3191846864710695
2.2271943760615884,536.945183,8.089139995225771,0.31934409987421764
2.2271936168859825,538.880929,8.089362567766832,0.31947209015854633
2.2271928252874775,540.866747,8.089449123803535,0.3196075363412791
2.227191755893649,542.824327,8.089238916332084,0.3197949716392292
2.2271907907105017,544.772142,8.089461488957244,0.31995863732843116
2.227189661895295,546.77828,8.08942439350513,0.320154117206514
2.227189211861223,548.741588,8.08939966320917,0.32023220303464855
2.2271883246563307,550.707364,8.089585140496629,0.32038301458650087
2.2271871294522536,552.684954,8.089486219260094,0.3205909481339184
2.2271865699836675,554.65306,8.08962223596813,0.3206858461209586
2.2271853282565326,556.639959,8.089684061768265,0.32089976511741186
2.2271844965245315,558.60255,8.08939966320917,0.3210474944935639
2.227183680728745,560.605672,8.089684061768265,0.3211848220303323
2.227182836829696,562.556567,8.089510949566838,0.3213332263504332
2.227181993666148,564.566707,8.089337837475092,0.3214815408935425
2.2271810827935896,566.546519,8.089498584412647,0.32163710803308243
2.2271803077594248,568.514055,8.089201820911436,0.3217753682902775
2.22717924481601,570.54042,8.089313107186369,0.3219580342196545
2.227178444918069,572.523693,8.089374932915113,0.3220958300025596
2.2271777418248524,574.499629,8.089127630087681,0.32222105684771996
2.227176872344229,576.50338,8.089313107186369,0.32236930776100947
2.2271760774997302,578.46985,8.089152360361037,0.3225093359946593
2.227175082382593,580.477252,8.089139995225771,0.3226821363083037
2.2271746597217827,582.456206,8.08921418605238,0.3227544703474195
2.2271734698315937,584.468206,8.088781406521308,0.3229668464377906
2.2271726004723975,586.47017,8.08907816955191,0.3231137570556898
2.227171906231752,588.450148,8.088905057744164,0.3232366583691414
2.227170936834315,590.487449,8.088942153121222,0.323404534338893
2.2271700895200603,592.476272,8.08896688337557,0.3235514120615505
2.227169163010397,594.51952,8.088719580931055,0.323715780491152
2.2271684664034863,596.525554,8.088942153121222,0.32383385179988056
2.227167668981622,598.560349,8.088769041400049,0.3239748453510206
2.227167024523987,600.557632,8.089016343893066,0.3240835631972608
2.227166312418948,602.59534,8.088843232125463,0.3242097749595869
2.227165134358028,604.623652,8.088645390241107,0.3244174287619966
2.227164431874639,606.624477,8.08896688337557,0.32453532033537635
2.2271635895651425,608.659113,8.088571199572971,0.3246873201556729
2.22716257203969,610.666197,8.08900397876232,0.32485861534796134
2.227161907841928,612.71245,8.08858356468354,0.32498000959296197
2.227161030365464,614.748869,8.088867962369582,0.3251290060706647
2.227160526426125,616.761711,8.088756676282063,0.32521832631235925
2.2271596428366736,618.813226,8.088744311164769,0.32537248441589944
2.227158737201344,620.838395,8.088707215814829,0.3255308628574524
2.2271579321711683,622.892326,8.08858356468354,0.32567291686613403
2.2271572202920877,624.904011,8.088843232125463,0.3257935400541271
2.227156453306598,626.965382,8.088472278715235,0.32593238622539683
2.2271555945205184,628.986731,8.088769041400049,0.3260781934409188
2.2271548202052998,631.035686,8.088472278715235,0.3262173755404386
2.2271541071518497,633.041716,8.088645390241107,0.3263394941260359
2.227153331489342,635.096067,8.08858356468354,0.3264757720230207
2.2271525948419004,637.105433,8.088447548505634,0.32660627782026974
2.227151627584429,639.166411,8.08868248558422,0.3267720454110428
2.2271508428808606,641.183905,8.088435183400808,0.32691253202417847
2.2271503784539695,643.229781,8.088707215814829,0.32698998908125676
2.2271495949353137,645.378319,8.0884970089263,0.32712981435035243
2.2271486722264644,647.411042,8.088719580931055,0.3272881073432556
2.227147961932599,649.474741,8.0884970089263,0.3274153643709396
2.2271470381160294,651.520225,8.088645390241107,0.32757494029368656
2.227146265265295,653.576696,8.0883980880945,0.32771354349132026
2.2271457369627843,655.596535,8.088756676282063,0.3278011027923419
2.227144836057327,657.669266,8.088595929792838,0.3279609942292792
2.2271440459380867,659.759125,8.088620660016925,0.3280989949966954
2.2271434472144285,661.791981,8.088595929792838,0.3282041823811291
2.2271427740708547,663.876419,8.088571199572971,0.3283224245859474
2.2271420270024214,665.923025,8.088571199572971,0.3284533045999557
2.2271411611484937,668.006415,8.0884970089263,0.32860604545449634
2.2271403184432983,670.037983,8.088521739140099,0.32875341467768193
2.2271395998410557,672.105413,8.088323897493717,0.32888210517796806
2.2271390008863987,674.148638,8.088509374032222,0.32898459585372747
2.227138426676086,676.227781,8.08838572299086,0.3290869945506976
2.2271378022905006,678.262216,8.088595929792838,0.3291936434261855
2.2271368836460708,680.347961,8.0883980880945,0.32935753137578955
2.2271361736412514,682.429663,8.088645390241107,0.32947874803595456
2.2271355854196155,684.596442,8.088459913609773,0.3295845383990068
2.227134485780463,686.689556,8.08868248558422,0.32977455647363974
2.22713400051019,688.74242,8.08858356468354,0.3298611321218623
2.227133300164731,690.843365,8.088645390241107,0.32998329686593436
2.2271326673494314,692.907748,8.088435183400808,0.3300973509781657
2.227132101814086,694.999504,8.088645390241107,0.3301938398015683
2.227131080150532,697.054556,8.08858356468354,0.33037424668708637
2.227130324925497,699.159367,8.088620660016925,0.3305065048243968
2.227129603555461,701.215755,8.088472278715235,0.3306353836511974
2.2271293213435865,703.322919,8.088620660016925,0.3306829781491703
2.2271284363580675,705.383287,8.088472278715235,0.33084067709678083
2.2271277585984506,707.502186,8.088694850699135,0.3309568623543923
2.2271269266978684,709.569766,8.088447548505634,0.3311066494811952
2.227126472120299,711.699543,8.088571199572971,0.33118495994173436
2.2271257503245225,713.817319,8.0884970089263,0.3313130415246002
2.227124997410098,715.883281,8.088558834463672,0.33144476167209097
2.2271242866999206,718.002384,8.088410453194975,0.33157196611557616
2.227123636712077,720.089874,8.088410453194975,0.33168646086680154
2.227123100207064,722.183694,8.088410453194975,0.33178098228645536
2.2271224034529324,724.373547,8.088323897493717,0.33190494887590966
2.227121529648599,726.493188,8.088472278715235,0.3320569189939531
2.2271206784054574,728.633926,8.088027135300736,0.33221311483937493
2.227120072376828,730.762975,8.088459913609773,0.33231402560581047
2.227119614896866,732.896371,8.088163151264888,0.3323987920560095
2.227118660875287,735.017586,8.0883980880945,0.33256384874895284
2.227118156701847,737.146875,8.088237341820188,0.33265501725079993
2.2271175666715055,739.272562,8.088336262591792,0.33275777632035736
2.227116942102958,741.404281,8.088410453194975,0.33286699011016607
2.227116075816224,743.549204,8.088262072006678,0.3330219660389413
2.2271154505635535,745.72025,8.08858356468354,0.33312794157788805
2.227114920519865,747.863642,8.088274437104538,0.33322581011630753
2.2271143987478954,750.019701,8.088521739140099,0.33331456452894853
2.2271134048874446,752.154509,8.088435183400808,0.33349134595483787
2.227112947462163,754.277009,8.088360992792955,0.3335732010129914
2.2271122129337995,756.417856,8.088657755354621,0.3336989306147691
2.2271116934982085,758.56556,8.088410453194975,0.33379416445528204
2.227110951995945,760.708995,8.08868248558422,0.33392151483497107
2.2271103563583967,762.870403,8.088286802201663,0.3340323083732629
2.2271095058491936,765.036925,8.0885341042459,0.334179334041256
2.2271092257462697,767.155626,8.088472278715235,0.33422974034926517
2.2271084762807245,769.299803,8.088410453194975,0.3343632019554631
2.22710766376784,771.430964,8.088571199572971,0.334504778852974
2.2271071331160712,773.548619,8.088336262591792,0.33460195567562234
2.2271065501209844,775.707006,8.088558834463672,0.3347020958201254
2.227105911038635,777.828462,8.088286802201663,0.3348190189523558
2.227105232467511,779.99904,8.088657755354621,0.33493407351954135
2.2271046209726717,782.133632,8.088435183400808,0.3350454708872296
2.227104064628159,784.27097,8.088435183400808,0.3351440399193529
2.227103559019381,786.436393,8.088558834463672,0.33523192434846866
2.2271029951946986,788.555669,8.088212611632907,0.3353366376607583
2.227102339292934,790.758415,8.088472278715235,0.33544931205646644
2.2271014176040116,792.890695,8.088237341820188,0.33561597926821807
2.2271009945683633,795.052344,8.0883980880945,0.3356887751829342
2.227100206106829,797.181864,8.088336262591792,0.33582947926650075
2.227099841160194,799.364874,8.088224976725758,0.3358957608726468
2.227099189629398,801.49841,8.088447548505634,0.33600827819477475
2.227098544658935,803.672632,8.088113690905052,0.3361273570989094
2.227097826087337,805.834747,8.088286802201663,0.3362525034193919
2.2270973073931204,807.994633,8.088299167295752,0.3363444149494071
2.2270969022777543,810.152447,8.088224976725758,0.33641737191464366
2.2270963126458203,812.331597,8.088299167295752,0.336521049983388
2.227095624016048,814.458776,8.088138421084652,0.3366455865590076
2.2270951559057477,816.643186,8.0883980880945,0.3367251438429954
2.22709455699352,818.769016,8.088224976725758,0.33683395233139507
2.2270937185295,820.961234,8.088076595646234,0.33698501180149526
2.2270930249421075,823.130079,8.088224976725758,0.33710623832060493
2.227092459855258,825.308958,8.088039500384053,0.3372092731395361
2.227092200034501,827.494821,8.088200246539305,0.33725324027971726
2.2270915269264346,829.650044,8.088027135300736,0.3373753395245806
2.22709122356678,831.838245,8.087903484483695,0.3374310091178166
2.227090228536937,834.003704,8.08817551635445,0.3376042375894136
2.227089738965421,836.223968,8.088027135300736,0.3376934052749625
2.227089063171417,838.406074,8.088088960729225,0.33781280954786275
2.2270884640841917,840.612734,8.088113690905052,0.3379190981976474
2.227088062020206,842.763371,8.087767468649336,0.3379954813655901
2.2270873939193474,844.972832,8.088027135300736,0.3381108271472437
2.227086720746015,847.158864,8.087952944803366,0.3382317373321957
2.2270864829626977,849.34085,8.087841659095819,0.3382756341905462
2.2270857467212797,851.54578,8.088051865470488,0.3384038600820831
2.2270855149443824,853.709865,8.087866389249347,0.338447730601497
2.227084617323315,855.92501,8.087866389249347,0.33860767433214806
2.227083976661431,858.106352,8.088101325817831,0.3387185902840886
2.22708337944583,860.293948,8.087779833722232,0.33882952048720005
2.227082971589397,862.536978,8.087990040048208,0.33889931155330805
2.2270823085162785,864.748306,8.088014770216697,0.33901720229667115
2.2270818614470813,866.962306,8.087680913156118,0.33910157934254487
2.227081073460656,869.143804,8.08797767496539,0.33923800713725005
2.2270809607075734,871.362492,8.088076595646234,0.3392567453119828
2.227080066640343,873.580415,8.087705643291406,0.33942143377156153
2.2270795666097283,875.813371,8.088039500384053,0.3395060220990699
2.227078934901432,878.121592,8.088138421084652,0.33961739909081035
2.2270784395889254,880.352019,8.087915849559993,0.339708922965101
2.2270781302123064,882.523143,8.088014770216697,0.33976278201933374
2.227077434324224,884.750924,8.088076595646234,0.33988618473483256
2.2270769059845867,886.93673,8.087804563869254,0.33998433765700076
2.2270763061225702,889.163616,8.087891119402743,0.3400902858268746
2.2270759982172477,891.386426,8.088027135300736,0.34014339889863743
2.2270752964356992,893.609491,8.087841659095819,0.34027138027990994
2.227074817551635,895.847632,8.087866389249347,0.3403566185141528
2.2270742195285975,898.038502,8.087965309885657,0.3404621306725024
2.2270737554027846,900.28125,8.087656183017327,0.34054941395566296
2.2270732682066776,902.502879,8.087730373432192,0.3406354876156206
2.2270728168212233,904.757632,8.087742738505755,0.3407160319703861
2.22707240851966,907.00853,8.087606722751083,0.340790951731109
2.2270716455055877,909.236493,8.087619087816973,0.34092726282652
2.227071264319148,911.500809,8.087718008364455,0.34099407803826776
2.227070687971131,913.736653,8.087581992625193,0.34109910252631476
2.2270699229536657,915.996552,8.087458342010093,0.3412377408029674
2.2270693371804917,918.208294,8.087619087816973,0.34134035009954
2.227069011007852,920.479426,8.087705643291406,0.34139753417484897
2.2270683278248633,922.725115,8.08739651672456,0.3415241775928895
2.2270680563305816,924.980393,8.087606722751083,0.3415698592941269
2.227067729930923,927.254882,8.087619087816973,0.3416281423191248
2.2270669641560246,929.481129,8.087470707068837,0.34176738285716923
2.227066412965434,931.742284,8.087483072127622,0.34186595963454125
2.2270659486215365,934.016431,8.08759435768789,0.3419476067132334
2.2270653997535206,936.268202,8.087606722751083,0.3420457964883413
2.227065125822511,938.547916,8.087470707068837,0.3420967956122284
2.227064510370209,940.782862,8.08764381795117,0.3422046978805275
2.227063934274671,943.055642,8.087495437188748,0.34231005973801365
2.227063224362504,945.303039,8.087297596298189,0.3424401301464497
2.227062691163976,947.582703,8.08727286619586,0.3425361080109285
2.2270624848302836,949.865359,8.087458342010093,0.3425705234223599
2.2270618805477485,952.105389,8.08734705650766,0.3426804865323124
2.2270614389492334,954.376116,8.087173945812838,0.3427621429793791
2.227060937479524,956.682332,8.087285231244586,0.34285057321039336
2.2270604061368093,958.972592,8.087421246836463,0.34294403186345074
2.2270601062779654,961.256948,8.08727286619586,0.34299993371299636
2.227059696249945,963.51794,8.087124485636126,0.3430756188465896
2.227059001955263,965.8227,8.087235771048597,0.3431987182214875
2.2270587397544155,968.083834,8.087359421558748,0.34324406972746563
2.2270580798469397,970.390516,8.087248136094802,0.3433641455358307
2.2270576730956217,972.664116,8.087149215721011,0.3434385942104151
2.2270572766503487,974.970586,8.087408881780952,0.3435061745496738
2.227056841174744,977.231816,8.087408881780952,0.3435844150947037
2.2270561462331324,979.557546,8.087149215721011,0.3437129345522691
2.2270556144553018,981.81607,8.087285231244586,0.343806603909819
2.2270551499427276,984.127263,8.08739651672456,0.34388854222149784
2.2270546606003077,986.405883,8.087520167308593,0.3439747823305489
2.227054342210784,988.72697,8.087223405998966,0.34403619237066757
2.2270536434501436,990.99504,8.086877184884038,0.34416670837311464
2.2270532474001588,993.373936,8.087087390508714,0.3442349925186323
2.2270524861799452,995.645905,8.087149215721011,0.3443710610578075
2.2270523348057583,997.916493,8.087025565308242,0.3444000310378101
2.2270516599252748,1000.243428,8.087000835230317,0.3445218141190583
2.227051327191704,1002.505577,8.086939010051271,0.34458256213591315
2.2270506859498833,1004.836007,8.086939010051271,0.34469797914768485
2.227050398018847,1007.088276,8.086901914948465,0.3447503318757206
2.2270501318516835,1009.386375,8.086617519334123,0.34480224414264743
2.2270496279138574,1011.722721,8.086679344442059,0.3448921101793563
2.2270489777591123,1014.061886,8.086901914948465,0.3450060638483403
2.2270484654364995,1016.370109,8.086901914948465,0.34509833895006153
2.2270479705245765,1018.663665,8.086790629670986,0.34518905544023876
2.2270475314476417,1020.995286,8.086419679083601,0.34527337500409827
2.2270471625231614,1023.313155,8.086877184884038,0.34533341885004687
2.2270465678617137,1025.648635,8.086901914948465,0.34544023511505345
2.2270461279456253,1027.947837,8.086877184884038,0.3455198722096046
2.2270458686985046,1030.291764,8.08671643951709,0.34556886361075045
2.227045496690576,1032.699475,8.086543329222899,0.34563836146334725
2.227044781413482,1035.059624,8.086741169563576,0.3457645451406464
2.227044447536467,1037.419329,8.086939010051271,0.3458219699159065
2.227043957355158,1039.812251,8.087062660428067,0.3459086349151535
2.2270436523244124,1042.186532,8.087050295385321,0.345963827913149
2.2270429694068454,1044.5724,8.086864819851918,0.3460896356147
2.2270425691870797,1046.934676,8.086778264644579,0.3461630648025907
2.2270422451821577,1049.261531,8.086802994700811,0.34622118253446016
2.227041657711008,1051.639783,8.087025565308242,0.3463240705644497
2.2270410616294702,1054.048864,8.086988470191336,0.3464321869980329
2.2270407604977827,1056.396162,8.087124485636126,0.34648463351995884
2.2270404822578644,1058.750197,8.086852454822422,0.34653869885500205
2.227039856046994,1061.098491,8.086852454822422,0.34665177142648373
2.227039475209593,1063.44036,8.086840089790195,0.34672072224457345
2.227039290182466,1065.82539,8.08681535973059,0.34675448810936704
2.2270384485234582,1068.198436,8.086852454822422,0.3469059989261231
2.227038016989022,1070.579057,8.08681535973059,0.34698448685706146
2.2270376695287966,1072.946953,8.08675353459221,0.3470481410785441
2.2270372726174745,1075.327796,8.086419679083601,0.3471245738588598
2.227036666697822,1077.685026,8.086617519334123,0.34723129715316275
2.2270364940661387,1080.06513,8.086568059258866,0.34726319924010174
2.2270358810518083,1082.430779,8.086728804540043,0.3473717525165332
2.227035396172695,1084.789486,8.086778264644579,0.3474587249034146
2.2270352580897868,1087.17624,8.086790629670986,0.3474835192474191
2.22703472171922,1089.56454,8.086666979421443,0.34758226237963047
2.227034210407928,1091.971971,8.08671643951709,0.34767404576560496
2.2270339090219284,1094.365074,8.086568059258866,0.34773065816342763
2.227033527287205,1096.788152,8.08659278929615,0.3477993691994299
2.2270329900950667,1099.165383,8.086691709469013,0.3478951699930959
2.2270324634167196,1101.547093,8.086802994700811,0.34798890839749197
2.2270321724765854,1103.934837,8.086864819851918,0.348040691211562
2.2270316148573683,1106.309008,8.086778264644579,0.34814284664687095
2.2270312645474672,1108.706232,8.086666979421443,0.34820783559729296
2.2270307011021053,1111.186408,8.086629884354634,0.3483103751187014
2.2270302545183327,1113.616119,8.086617519334123,0.34839141887185887
2.227030141220274,1116.031189,8.086432044094842,0.3484145573774996
2.227029651129178,1118.455832,8.086543329222899,0.3485017480848919
2.227029113489614,1120.891094,8.086568059258866,0.3485987880179972
2.227028664771671,1123.300005,8.086741169563576,0.3486776349622938
2.227028524474593,1125.691599,8.086728804540043,0.34870322929826747
2.227027738964046,1128.104026,8.086679344442059,0.34884626981762146
2.227027483420166,1130.509734,8.086506234176111,0.3488950313162301
2.2270269832860654,1132.916782,8.086469139131227,0.3489862089275976
2.2270266099125764,1135.327383,8.086320759010936,0.3490559929006381
2.2270262876687625,1137.779427,8.086320759010936,0.3491144157585422
2.2270259622165316,1140.208716,8.086258933986123,0.34917430045689385
2.227025300208716,1142.639756,8.086370219044786,0.3492927772238969
2.227024829736868,1145.084711,8.086320759010936,0.3493788083922209
2.2270249278343175,1147.521742,8.086370219044786,0.3493603152457717
2.227024350673192,1150.041692,8.08638258405269,0.3494648353551559
2.227023610901878,1152.528709,8.086469139131227,0.3495978282099357
2.227023581816762,1154.963165,8.086481504146967,0.3496029307337702
2.2270229220921935,1157.391265,8.086617519334123,0.349720725491501
2.2270227571443977,1159.81509,8.086741169563576,0.3497489114465717
2.227022321900314,1162.27128,8.086778264644579,0.3498273861675026
2.2270217684043416,1164.723044,8.086691709469013,0.34992909017522655
2.227021436334131,1167.176781,8.086741169563576,0.3499886795134727
2.2270208613133127,1169.628191,8.086629884354634,0.35009466932694444
2.2270206399985124,1172.089735,8.08671643951709,0.3501336346024517
2.2270201689226488,1174.528697,8.086432044094842,0.3502232219002223
2.227019698669888,1176.966394,8.086444409107827,0.3503084671646604
2.2270195012921072,1179.402573,8.086357854034803,0.3503455506343143
2.22701890592725,1181.848142,8.086357854034803,0.35045372094319344
